,tweet id,tweet_text,Time
0,990872268019396609,"RT @coinstime_com: 1. Follow @coinstime_com  ,
2. Retweet pinned  tweet , 
3. fill out this form  https://t.co/eODibVqgnd
4‚Ä¶ Get free 5000‚Ä¶",2018-04-30 08:35:32
1,990872262608871424,"RT @tatianakoffman: Only 6% of crypto investors and users are women. Fellow females, don't miss this wave of wealth creation. Tell me what‚Ä¶",2018-04-30 08:35:31
2,990872259110887429,"RT @ArtemKaretnikov: –í—Å–µ —á—Ç–æ –Ω—É–∂–Ω–æ –∑–Ω–∞—Ç—å –æ BITCOIN
https://t.co/vIKOalpljq
#btc #bitcoin #–±–∏—Ç–∫–æ–∏–Ω #–±–∏—Ç–∫–æ–∏–Ω",2018-04-30 08:35:30
3,990872254874636288,The killer app of #bitcoin is to be a monetary platform that no one can control. This feature can only be found in‚Ä¶ https://t.co/3RXwpRsa0Q,2018-04-30 08:35:29
4,990872245818998784,"RT @litrabit: 2 years benefits for Private Sale Investors
- 10% discount on buying our token from our Litrabit App.
- Profit of 20% ratio o‚Ä¶",2018-04-30 08:35:27
5,990872242417479680,RT @truffeforex: Avoid Cyprus #Forex #brokers like IRONFX. Your FUNDS ARE NOT SAFE !! #CONSOB #FT #asicmedia #cysec #broker #eos #forexlive‚Ä¶,2018-04-30 08:35:26
6,990872240714641408,"RT @Crypto__Hamster: In two words. It‚Äôs 9220 now. There was an upward road, but it was impossible to break through 9500. We will have to wa‚Ä¶",2018-04-30 08:35:26
7,990872235186454529,"RT @jblefevre60: The #Bitcoin Landscape  

#Cryptocurrency #Blockchain #Fintech #IoT #Startup #Innovation #Security #Bigdata #Digital #DLT‚Ä¶",2018-04-30 08:35:25
8,990872232971964417,"RT @jblefevre60: The #Bitcoin Landscape  

#Cryptocurrency #Blockchain #Fintech #IoT #Startup #Innovation #Security #Bigdata #Digital #DLT‚Ä¶",2018-04-30 08:35:24
9,990872230169997312,"RT @litrabit: 2 years benefits for Private Sale Investors
- 10% discount on buying our token from our Litrabit App.
- Profit of 20% ratio o‚Ä¶",2018-04-30 08:35:23
10,990872207869071360,RT @truffeforex: The Italian law firm KMlegalnet is filing criminal charge against IRONFX before the Public Prosecutor in Rome. #bitcoin #e‚Ä¶,2018-04-30 08:35:18
11,990872200482820096,"#bitcoin Bitcoin Price Corrects to $9,200 while EOS Drops 15%, Market Moves Toward $430 Billion https://t.co/s1qPEHpPxz",2018-04-30 08:35:16
12,990872197077094400,The Tradelize Pre-sale starts in less than 24 hours! Don't miss your chance to become part of this project!‚Ä¶ https://t.co/BHBjSthGiU,2018-04-30 08:35:15
13,990872183932096512,"RT @davidmoadel: $SPX DiMartino Booth: ""Markets Better Prepare For Stagflation"" https://t.co/QtQ6L73YPp $SPY $QQQ $GLD $SLV $DIA $DJIA $IWM‚Ä¶",2018-04-30 08:35:12
14,990872177972011013,"RT @tatianakoffman: Only 6% of crypto investors and users are women. Fellow females, don't miss this wave of wealth creation. Tell me what‚Ä¶",2018-04-30 08:35:11
15,990872157180882944,RT @whaleclubco: ETH Bulls Trying to Keep 4 Hour Control #bitcoin ¬∑ Trade $ETHUSD with up to 5x leverage: https://t.co/RWPIVBvgCN https://t‚Ä¶,2018-04-30 08:35:06
16,990872146254626817,"#Bitcoin explained. üòÇüòÇ

https://t.co/9yCOJUV9a4 #cryptocurrency",2018-04-30 08:35:03
17,990872141305470976,#Cryptocurrency: The current #Bitcoin #Pizza value! https://t.co/eVCXIkSJjE,2018-04-30 08:35:02
18,990872137111044099,Last chance to take part in our 5000 ETH Giveaway promotion! We have added 3000 more ETH https://t.co/T2dyJvCtIx #ethereum #bitcoin,2018-04-30 08:35:01
19,990872136481828864,"RT @BIC_Token: #GIVERAWAY
We are giving out 10000 BIC to 500 lucky persons!
1.follow us
2.Retweet pinned post
3.Tag 5 friends and comment E‚Ä¶",2018-04-30 08:35:01
20,990872131415232513,RT @fixy_app: Fixy app has come to change this situation by efficiently facilitating the use and application of the cryptocurrenty and bloc‚Ä¶,2018-04-30 08:35:00
21,990872121264881665,RT @JohannesGees: Ist that a #bitcoin on the @snb Schweizerische Nationalbank? Trustsquare rules! https://t.co/l4hq86BIja,2018-04-30 08:34:57
22,990872106249478144,"Cardano Price Technical Analysis ‚Äì ADA/USD Surging Higher 
https://t.co/6WChD5Tl4d 
#newsoftheweek #Bitcoin‚Ä¶ https://t.co/0SwcGmBE81",2018-04-30 08:34:54
23,990872104034762752,#bitshares #cortex #aelf #qash #cryptocurrency #blockchain #cryptocurrencyexchange #tothemoon #mondaymorning‚Ä¶ https://t.co/uOpoeEb5z7,2018-04-30 08:34:53
24,990872100473798657,RT @KoronaCoin: #koronacoin #bitcoin #ethereum #blockchain #ICO #bountyhunters https://t.co/5sHwGwWTww,2018-04-30 08:34:52
25,990872090512412672,"RT @ArminVanBitcoin: The first ever solar #bitcoin mining farm to be built in Australia. ‚òÄÔ∏è

https://t.co/RAj8yUwphP",2018-04-30 08:34:50
26,990872087333097472,"RT @RandolphMlny: #Bitcoin #Satoshi #Earn_Money #cryptocurrency #blockchain #Airdrop
New Airdrop #SPRING üì¢

SpringRole is airdropping 110 #‚Ä¶",2018-04-30 08:34:49
27,990872085974134786,RT @SocialWalletInc: We must go back- to the Future! #Blockchain #Bitcoin #btc #Ethereum #eth #litecoin #ltc #blockchaintechnology #technol‚Ä¶,2018-04-30 08:34:49
28,990872076843184131,"RT @coinstime_com: 1. Follow @coinstime_com  ,
2. Retweet pinned  tweet , 
3. fill out this form  https://t.co/eODibVqgnd
4‚Ä¶ Get free 5000‚Ä¶",2018-04-30 08:34:47
29,990872073198174209,(#Bitcoin Prices Rise As France Cuts Crypto Taxes By 50%) - https://t.co/YHBJyTOkj8 -  #crypto #bitcoin,2018-04-30 08:34:46
30,990872069234610179,RT @CryptOwenWilson: Telling people to buy the dip like #BTFD #Crypto #Bitcoin https://t.co/brBpdeYSZc,2018-04-30 08:34:45
31,990872068265672704,"RT @litrabit: 2 years benefits for Private Sale Investors
- 10% discount on buying our token from our Litrabit App.
- Profit of 20% ratio o‚Ä¶",2018-04-30 08:34:45
32,990872057390030848,@SKYFchain  #skyfchain #ICO #Crowdsale #Bitcoin #Blockchain #Token #ETH #Ethereum #TokenSaleThe best blockchain pro‚Ä¶ https://t.co/RXbhavwhpQ,2018-04-30 08:34:42
33,990872052943998978,RT @bethereumteam: We have been attending a lot of conferences lately! We gathered a great deal of positive first hand feedback from the co‚Ä¶,2018-04-30 08:34:41
34,990872046937821184,"RT @__signals__: Target 1 reached on @signals_premium within 3 days ~7% profit #AirSwap (#AST) $AST

Sign up to access all our trade signal‚Ä¶",2018-04-30 08:34:40
35,990872045197066240,"RT @bethereumteam: Create custom group bets and invite your friends, choose the buy in amounts, select what sport to bet on and enjoy the g‚Ä¶",2018-04-30 08:34:39
36,990872030294757376,"RT @bethereumteam: It's been 72 hours since the official launch of our Bounty campaign.
Is there a stronger crypto community out there?
#cr‚Ä¶",2018-04-30 08:34:36
37,990872029216821248,"RT @coinseedapp: Rich people have small TVs and big libraries, and poor people have small libraries and big TVs. --Zig Ziglar #blockchain #‚Ä¶",2018-04-30 08:34:35
38,990872009092481024,RT @pokemongopkg: We are airdropping 10000 PokemonGo (PKG) Tokens! üöÄ Join our telegram group (https://t.co/kbitItPpFs) and retweet this twi‚Ä¶,2018-04-30 08:34:31
39,990872008081727490,"RT @investaco_uk: INVESTA is the new ICO from an international team of fintech and crypto experts, that is picking up speed as we approach‚Ä¶",2018-04-30 08:34:30
40,990872007255486465,"RT @Crypto_Games: https://t.co/sGCErQhgPd  gives 0.2 mBTC every day to 10 random players that were active in past 24 hours!

Check our thre‚Ä¶",2018-04-30 08:34:30
41,990871995347820544,"RT @murthaburke: Xbox One S 1TB Console ‚Äì Minecraft Limited Edition Bundle + Free Pig Controller &amp; Game! 
https://t.co/hdzUmE7aMI
#blockcha‚Ä¶",2018-04-30 08:34:27
42,990871985784795136,RT @tvtwocom: TL;DR our Whitepaper? Answer: TV-TWO is Awesome! https://t.co/z5NEuJqy7g // #tvrevolution #crypto #cryptocurrencies #bitcoin‚Ä¶,2018-04-30 08:34:25
43,990871979044433921,RT @JohannesGees: Ist that a #bitcoin on the @snb Schweizerische Nationalbank? Trustsquare rules! https://t.co/l4hq86BIja,2018-04-30 08:34:23
44,990871976330846209,"RT @bethereumteam: We are going to start announcing details about our Tokensale in the upcoming tweets! 
Are you excited? ü§©
#crypto #TokenS‚Ä¶",2018-04-30 08:34:23
45,990871966516154370,RT @tvtwocom: Discuss TV-TWO on Reddit ü§ñ https://t.co/EGzJf9RaUS // #tvrevolution #crypto #cryptocurrencies #bitcoin #ethereum #blockchain‚Ä¶,2018-04-30 08:34:20
46,990871964163231744,"RT @RefugeCoin: Apr 1, 2018 ‚Äî May 31, 2018
#TokenSale:  7.000.000 #RFG -20% Discount

Register here: https://t.co/yauo1pcwUa  
       
#cry‚Ä¶",2018-04-30 08:34:20
47,990871962443567109,"RT @bethereumteam: The maximum token supply is 1 000 000 000 BTHR issued. Don't forget to join the https://t.co/qVN14Mi2kR! 
#bethereum #bi‚Ä¶",2018-04-30 08:34:20
48,990871954000371713,RT @joycemontejo1: IF YOU'RE OUTSIDE THE USA ?? AND CANADA ?? YOU NEED TO MESSAGE ME ASAP!!! Our International partners are seeing the Valu‚Ä¶,2018-04-30 08:34:18
49,990871953492860928,"RT @murthaburke: Xbox One S 1TB Console ‚Äì Minecraft Limited Edition Bundle + Free Pig Controller &amp; Game! 
https://t.co/hdzUmE7aMI
#blockcha‚Ä¶",2018-04-30 08:34:17
50,990871949101461504,"RT @tatianakoffman: Only 6% of crypto investors and users are women. Fellow females, don't miss this wave of wealth creation. Tell me what‚Ä¶",2018-04-30 08:34:16
51,990871946551316480,"RT @bethereumteam: The Bounty program is still running! We had to close down new Sign ups, because a massive amount of 45k users joined. 
W‚Ä¶",2018-04-30 08:34:16
52,990871931816640512,"RT @RandolphMlny: #Bitcoin #Satoshi #Earn_Money #cryptocurrency #blockchain #Airdrop
New Airdrop #SciDex üì¢

SciDex Decentralized marketspac‚Ä¶",2018-04-30 08:34:12
53,990871927513403392,RT @bethereumteam: We have been getting a lot of questions about the bonuses... We value our EARLY ADOPTERS and people that believe in the‚Ä¶,2018-04-30 08:34:11
54,990871913705627650,RT @Quarteria_io: Find out how to contribute to our #Quarteria #ICO on @Medium https://t.co/y5EmzTpHFj #crypto #realestate #neo #blockchain‚Ä¶,2018-04-30 08:34:08
55,990871906738896897,"RT @fixy_app: Don‚Äôt miss this one life time chance to be a part of cryptocurrency mass adoption movement.

If you wish to get to know more‚Ä¶",2018-04-30 08:34:06
56,990871900522995713,"RT @bethereumteam: We're officially announcing the Bether #token distribution! 
Take a look at the following chart üìà or visit our website:‚Ä¶",2018-04-30 08:34:05
57,990871899612819457,"RT @CryptOwenWilson: Just gonna leave this here, check it out. It's hilarious, wise, R-rated, but also it was years ahead of it's time. I i‚Ä¶",2018-04-30 08:34:05
58,990871897435967488,RT @JohannesGees: Ist that a #bitcoin on the @snb Schweizerische Nationalbank? Trustsquare rules! https://t.co/l4hq86BIja,2018-04-30 08:34:04
59,990871894508429312,RT @tvtwocom: TL;DR our Whitepaper? Answer: TV-TWO is Awesome! https://t.co/z5NEuJqy7g // #tvrevolution #crypto #cryptocurrencies #bitcoin‚Ä¶,2018-04-30 08:34:03
60,990871892696424448,"RT @blockchainekono: Warren Buffet #Bitcoin almak yatƒ±rƒ±m deƒüildir, kumar oynamaktƒ±r demi≈ü. 
87‚Äôlik kurt niye b√∂yle yaptƒ± ≈üimdi. https://t.‚Ä¶",2018-04-30 08:34:03
61,990871889718497280,"RT @siyuangirl: #follow4follow
#like4like
#followback
#–ø–æ–¥–ø–∏—à—É—Å—å–≤–∑–∞–∏–º–Ω–æ
#–≤–∑–∞–∏–º–Ω—ã–π—Ñ–æ–ª–ª–æ–≤–∏–Ω–≥ 
#–¶–µ–ø–æ—á–∫–∞–¢–≤–∏—Ç—Ç–µ—Ä—Å–∫–∏—Ö 
#–¶–µ–ø–æ—á–∫–∞–§–æ–ª–ª–æ–≤–µ—Ä–æ–≤
#–¥–æ–±–∞–≤–∏‚Ä¶",2018-04-30 08:34:02
62,990871888909004801,"RT @e_Chat_ICO: Dear e-Chat users! Great news - you can store your ECHT tokens on Trust Wallet.

Trust Wallet is a cryptocurrency wallet th‚Ä¶",2018-04-30 08:34:02
63,990871878662144000,#Crypto #Blockchain  #Yumerium   #YUM #ethereum #bitcoin #cryptocurrency #btc #OpenGamingPlatform‚Ä¶ https://t.co/tiGMHRE7CD,2018-04-30 08:34:00
64,990871870600810496,"RT @bitcoinus_io: BE FAST!

Get your 15% OFF on the very last BITS tokens!

#Bitcoinus #cryptoprocessing #onlinepayments #ICO #crypto #cryp‚Ä¶",2018-04-30 08:33:58
65,990871865643225088,RT @bitrewards: #Bitcoin Is A Scam! claimed Bill Harris - the ousted CEO of PayPal #crypto #cryptocurrency #cryptonews #cryptocurrencynews‚Ä¶,2018-04-30 08:33:56
66,990871862916911104,"#Holon #Blockchain #Bitnation #DAO #ethereum #bitcoin #cryptocurrency #ICO #tokensale. https://t.co/RWDBxsdMpq,‚Ä¶ https://t.co/si6Hcvva3F",2018-04-30 08:33:56
67,990871852133298181,RT @YogaStudio55: Meanwhile in #amsterdam this cute #coffeeshop #iamsterdam #Zcash #Monero #eos #Ripple #bitcoin #litecoin #Etherium #dash‚Ä¶,2018-04-30 08:33:53
68,990871850757439489,"RT @litrabit: 2 years benefits for Private Sale Investors
- 10% discount on buying our token from our Litrabit App.
- Profit of 20% ratio o‚Ä¶",2018-04-30 08:33:53
69,990871844344553472,"RT @e_Chat_ICO: e-Chat vs. Snapchat
https://t.co/MWAEh3rVMw

#EChatICO #ICO #btc #Bitcoin #Ethereum #crypto #blockchain #cryptocurrency htt‚Ä¶",2018-04-30 08:33:51
70,990871833946701824,"RT @news_mainstream: Blockchain Will Be Theirs, Russian Spy Boasted at Conference https://t.co/z2FhH9WWH0 #blockchain #cryptocurrency #cryp‚Ä¶",2018-04-30 08:33:49
71,990871822353813504,"RT @MsxNetwork: #AIRDROP NOW OPEN!

PHASE II for #ELF Token Holder

https://t.co/8Mbvhqbvem ‚Ä¶

#microstack #bitcoin #ethereum #blockchain #‚Ä¶",2018-04-30 08:33:46
72,990871821670060032,"RT @Riyadpitchi: #Bitcoin update 
Do not panic  We bounced on the black channel  3 times so far üòå 
That will happen many times. We might ev‚Ä¶",2018-04-30 08:33:46
73,990871811729645568,"RT @Riyadpitchi: #Bitcoin update 
Do not panic  We bounced on the black channel  3 times so far üòå 
That will happen many times. We might ev‚Ä¶",2018-04-30 08:33:44
74,990871808076214273,RT @news_mainstream: Dubai Police Catch 10-Man Gang Responsible for Bitcoin Robbery https://t.co/a2p1cx30ND #blockchain #cryptocurrency #cr‚Ä¶,2018-04-30 08:33:43
75,990871805429796864,"RT @tatianakoffman: Only 6% of crypto investors and users are women. Fellow females, don't miss this wave of wealth creation. Tell me what‚Ä¶",2018-04-30 08:33:42
76,990871803861053440,"RT @cichuck: #TechTopics: 3 Innovative Ways Blockchain Will Build Trust In The Food Industry

#bitcoin #fintech #cryptocurrency #dlt #block‚Ä¶",2018-04-30 08:33:42
77,990871800459550720,"RT @Crypto__Hamster: In two words. It‚Äôs 9220 now. There was an upward road, but it was impossible to break through 9500. We will have to wa‚Ä¶",2018-04-30 08:33:41
78,990871794230816769,RT @news_mainstream: Crypto Auctions: Where Do Arrested Bitcoins End Up? https://t.co/xPgzye5dCu via @Cointelegraph #blockchain #cryptocurr‚Ä¶,2018-04-30 08:33:39
79,990871791131414528,"RT @ahmedjr_16: 17 Best #IT #Training &amp; #Certification Courses

https://t.co/TJ6MNCMYlW 

#AI #Analytics #IoT #IIoT #Amazon #AWS #tech #CCN‚Ä¶",2018-04-30 08:33:39
80,990871788983758848,"RT @ROOMDAOICO: STOP CORRUPTION AT ICO LISTING SITES !!!!
#ico #corruption #bitcoin #crypto #listing #etherium #blockchain #startups https:‚Ä¶",2018-04-30 08:33:38
81,990871788858040320,"RT @ahmedjr_16: 17 Best #IT #Training &amp; #Certification Courses

https://t.co/TJ6MNCMYlW 

#AI #Analytics #IoT #IIoT #Amazon #AWS #tech #CCN‚Ä¶",2018-04-30 08:33:38
82,990871781505470465,"RT @ICOsprintx: More
üî•WARNING ‚è∞time is running out to get whitelisted! Don't miss out the opportunity to join our Pre-Sale Phase2 in just 4‚Ä¶",2018-04-30 08:33:36
83,990871778795769859,"RT @Bit_Stump: Learn more about @Bit_Stump 

#bitcoin #ethereum #ICO #bitstump https://t.co/ZkibF0lCVu",2018-04-30 08:33:36
84,990871765596426240,"RT @bethereumteam: Bit-by-bit we're going to announce what's coming next!
A lot of people already closely guessed it in our Telegram chat:‚Ä¶",2018-04-30 08:33:33
85,990871764979929088,"RT @RealCryptoLion: If you are new to crypto. Here a nice overview of all the terms: 

#crypto #altcoins #btc #bitcoin $btc #CryptoNews #xv‚Ä¶",2018-04-30 08:33:32
86,990871759590182912,"RT @RandolphMlny: #Bitcoin #Satoshi #Earn_Money #cryptocurrency #blockchain #Airdrop
New Airdrop #MSToken üì¢

MSToken is airdropping 100 #MS‚Ä¶",2018-04-30 08:33:31
87,990871758377975809,"RT @CoinAirdropsAll: #Bitcoin #Satoshi #Earn_Money #cryptocurrency #blockchain #Airdrop
NEW EXCLUSIVE AIRDROP #SudanGold üì¢

Sudan Gold - GO‚Ä¶",2018-04-30 08:33:31
88,990871739436433411,"The #BitcoinPizza would be worth US$92,660,100.00 right now (down -1.44% in the last 24 hours): #Bitcoin",2018-04-30 08:33:26
89,990871734554365952,"RT @GameGenefund: Gotta keep a eye on #blockchaingame. Is it like U? üôà

#Crypto #cryptogames #blockchain #TokenSale #dapp #gamedev #games #‚Ä¶",2018-04-30 08:33:25
90,990871694045741057,"RT @GameGenefund: Top 10 most mentioned Cryptocurrencies on Twitter.

#Crypto #cryptogames #blockchain #TokenSale #blockchaingame #dapp #ga‚Ä¶",2018-04-30 08:33:16
91,990871684105175043,"RT @__signals__: Target 3 reached on @signals_premium within 4 days ~48% profit #SirinLabs (#SRN) $SRN

Sign up to access all our trade sig‚Ä¶",2018-04-30 08:33:13
92,990871675012026368,"RT @GameGenefund: The dragon generated by Gene, tell us if you like it or not! :)
#Crypto #cryptogames #blockchain #TokenSale #blockchainga‚Ä¶",2018-04-30 08:33:11
93,990871658750730240,"RT @poolyapool: 0% fee on https://t.co/3JhoPSiYoa until we reach 1000 miners!

Earn 1 LTC sharing this tweet and following us. We will raff‚Ä¶",2018-04-30 08:33:07
94,990871657307885568,"RT @GameGenefund: Crypto is the future.
Blockchain game is destined to be hot.

#Crypto #cryptogames #blockchain #TokenSale #blockchaingame‚Ä¶",2018-04-30 08:33:07
95,990871654594105344,"RT @CoinKor: ÎøîÎÇú ÎπÑÌä∏ÏΩîÏù∏ Ïª§ÎÆ§ÎãàÌã∞, ‚ÄúÎπÑÌä∏ÏΩîÏù∏ Îã∑Ïª¥ ÏÉÅÎåÄÎ°ú ÏßëÎã®ÏÜåÏÜ° Ï†úÍ∏∞ ÌïòÍ≤†Îã§‚Äù #Bitcoin $BTC #ÎπÑÌä∏ÏΩîÏù∏
https://t.co/2kj7qEFvU0 via @blockinpress",2018-04-30 08:33:06
96,990871648663371776,"RT @Riyadpitchi: #Bitcoin update 
Do not panic  We bounced on the black channel  3 times so far üòå 
That will happen many times. We might ev‚Ä¶",2018-04-30 08:33:05
97,990871647887470593,Singapore‚Äôs FinTech Patent Initiative will Provide for the Growth of the Entire Industry https://t.co/U75ElqZdb6‚Ä¶ https://t.co/YvIrHqPy7Z,2018-04-30 08:33:05
98,990871640517955584,"RT @__signals__: Target 4 reached on @signals_premium within 18 days ~77% profit #Bitshares (#BTS) $BTS

Sign up to access all our trade si‚Ä¶",2018-04-30 08:33:03
99,990871639461126145,RT @kashtech_io: Our ICO is live now and so is our Twitter Airdrop. A few simple steps will get you free KASH tokens. Visit https://t.co/lz‚Ä¶,2018-04-30 08:33:03
100,990871636516769793,"RT @bethereumteam: Bit-by-bit we're going to announce what's coming next!
A lot of people already closely guessed it in our Telegram chat:‚Ä¶",2018-04-30 08:33:02
101,990871632209063936,bitzeny„Éó„Éº„É´„ÅÆ„Ç≥„Ç§„É≥„É©„ÉÉ„Ç∑„É•„Åß1043ÂÄãÁõÆ„ÅÆbitzeny„ÅåÁô∫Ë¶ã„Åï„Çå„Åæ„Åó„ÅüÔºÅ#bitzeny #bitcoin #monacoin https://t.co/ykuROkdZuX,2018-04-30 08:33:01
102,990871627167498241,"Opiria offers companies the opportunity to buy personal data directly from consumers, without middlemen and with co‚Ä¶ https://t.co/SA84C4eKjT",2018-04-30 08:33:00
103,990871626647461888,"RT @altair_vr: Presenting our Altair VR Encyclopedia in IIDF fund Moscow for Beeline company.

#altairvr #altairdigital #vrencyclopedia #vr‚Ä¶",2018-04-30 08:32:59
104,990871617549959169,#Bitcoin #BTCUSD long above 9700$ https://t.co/0iiSabVd5P,2018-04-30 08:32:57
105,990871614249230336,"RT @coinseedapp: Rich people have small TVs and big libraries, and poor people have small libraries and big TVs. --Zig Ziglar #blockchain #‚Ä¶",2018-04-30 08:32:56
106,990871602316304384,"Korea price
Time: 04/30 17:32:55
BTC: 10,032,333 KRW
ETH: 739,600 KRW
XRP: 909 KRW
#Bitcoin #Ethereum #Ripple",2018-04-30 08:32:54
107,990871600600936449,"RT @RandolphMlny: #Bitcoin #Satoshi #Earn_Money #cryptocurrency #blockchain #Airdrop
New Airdrop #Eds üì¢

Get Free 666 #EDS By Submitting Yo‚Ä¶",2018-04-30 08:32:53
108,990871598587494400,"https://t.co/940CUk1ZSK
       https://t.co/j9qGoN3bet¬†
#Crypto #Blockchain #GlobalREIT #BlockchainBasedREIT‚Ä¶ https://t.co/Iu3ctqqe2h",2018-04-30 08:32:53
109,990871597350313984,"RT @murthaburke: Xbox One S 1TB Console ‚Äì Minecraft Limited Edition Bundle + Free Pig Controller &amp; Game! 
https://t.co/hdzUmE7aMI
#blockcha‚Ä¶",2018-04-30 08:32:52
110,990871597161496576,"RT @ad_crypto_cat: üéÅ#„Éó„É¨„Çº„É≥„Éà‰ºÅÁîª
„Éï„Ç©„É≠„ÉØ„Éº1000‰∫∫ÈÅîÊàêË®òÂøµ

„Éï„Ç©„É≠„ÉºÔºÜ„É™„ÉÑ„Ç§„Éº„Éà„Åß„Äê100ADA„Äë„Çí3ÂêçÊßò„Å´„Éó„É¨„Çº„É≥„ÉàüòÄ
Á∑†ÂàáÔºö5Êúà13Êó•

#ADA „ÅÆWallet„ÅåÁÑ°„ÅÑÊñπ„ÅØ #„Éê„Ç§„Éä„É≥„Çπ „Åå‰æøÂà©‚ô™
‚Üì
https://t.co/oBhbthoo‚Ä¶",2018-04-30 08:32:52
111,990871596645564417,"RT @CoinAirdropsAll: #Bitcoin #Satoshi #Earn_Money #cryptocurrency #blockchain #Airdrop
New Airdrop #SPRING üì¢

SpringRole is airdropping 11‚Ä¶",2018-04-30 08:32:52
112,990871596423360512,"RT @WealthE_Coin: Have you ever had the question ‚ÄúWhat is Bitcoin?‚Äù...check out this video #Bitcoin #blockchain #WealthMigrate #WealthE 
ht‚Ä¶",2018-04-30 08:32:52
113,990871595571855361,"VOTE NOW TO CLAIM YOUR 25 FREE TOKENS!!! REGISTERED MEMBERS ONLY!!!

https://t.co/P0Bwtls1S1

#firetoken #ico‚Ä¶ https://t.co/d8X0fNzI00",2018-04-30 08:32:52
114,990871595131588609,"RT @ICOsprintx: More
üî•WARNING ‚è∞time is running out to get whitelisted! Don't miss out the opportunity to join our Pre-Sale Phase2 in just 4‚Ä¶",2018-04-30 08:32:52
115,990871589599129600,"RT @RefugeCoin: Apr 1, 2018 ‚Äî May 31, 2018
#TokenSale:  7.000.000 #RFG -20% Discount

Register here: https://t.co/yauo1pcwUa  
       
#cry‚Ä¶",2018-04-30 08:32:51
116,990871582376574977,@Connor_Blewett #crypto #altcoins #btc #bitcoin $btc #CryptoNews #xvgfam #vergefam #xvg #verge #altcoin‚Ä¶ https://t.co/YiM4ySXsnp,2018-04-30 08:32:49
117,990871578618580992,"RT @BlockvestGroup: Simply holding BLV in an Nvestnode generates passive income. 

If you wish to get to know us more please visit Blockves‚Ä¶",2018-04-30 08:32:48
118,990871573702864896,RT @KoronaCoin: #koronacoin #bitcoin #ethereum #blockchain #ICO #bountyhunters https://t.co/5sHwGwWTww,2018-04-30 08:32:47
119,990871572171894784,RT @KoronaCoin: #koronacoin #bitcoin #ethereum #blockchain #ICO #bountyhunters https://t.co/5sHwGwWTww,2018-04-30 08:32:46
120,990871563028250624,RT @bloktcrypto: #Bitcoin Trying to Break #Resistance üòÇ (Retweet) https://t.co/1Uwl8worKt,2018-04-30 08:32:44
121,990871519256563712,RT @Viberate_com: Tilen Bozic says that Slovenian biggest advantage in tackling blockchain regulations is that it already has blockchain co‚Ä¶,2018-04-30 08:32:34
122,990871518589734912,RT @diregiustizia: La risposta del Consiglio Nazionale del #Notariato sui pagamenti in #bitcoin https://t.co/T3n3BML8bX,2018-04-30 08:32:34
123,990871513162272768,"RT @WorldBitBank: Lets start Monday with some good news‚ÄºÔ∏è
Not every one knows that we accept payments in #bitcoin. Here is an instruction f‚Ä¶",2018-04-30 08:32:32
124,990871511341793286,RT @pokemongopkg: We are airdropping 10000 PokemonGo (PKG) Tokens! üöÄ Join our telegram group (https://t.co/kbitItPpFs) and retweet this twi‚Ä¶,2018-04-30 08:32:32
125,990871509416767490,Welcome to #Bitcoin Arena! Rungsted Seier Capital ice rink in Denmark was rebranded to Bitcoin Arena earlier this y‚Ä¶ https://t.co/1vPCjYpgzp,2018-04-30 08:32:32
126,990871506241622016,"RT @bitcoinus_io: BE FAST!

Get your 15% OFF on the very last BITS tokens!

#Bitcoinus #cryptoprocessing #onlinepayments #ICO #crypto #cryp‚Ä¶",2018-04-30 08:32:31
127,990871505255981056,"RT @Crypto__Hamster: In two words. It‚Äôs 9220 now. There was an upward road, but it was impossible to break through 9500. We will have to wa‚Ä¶",2018-04-30 08:32:31
128,990871502714220545,"RT @Viberate_com: ‚ÄúInvesting 100M in a startup that has just a whitepaper is crazy. We have to self regulate first, then seek the regulatio‚Ä¶",2018-04-30 08:32:30
129,990871501950930944,RT @ubcoin: üî• #Ubcoin Market team has prepared an analysis of main reasons why some governments fight against #bitcoin and #altcoins and wh‚Ä¶,2018-04-30 08:32:30
130,990871501074190339,RT @fixy_app: Fixy app has come to change this situation by efficiently facilitating the use and application of the cryptocurrenty and bloc‚Ä¶,2018-04-30 08:32:30
131,990871499656650752,"RT @ArminVanBitcoin: The first ever solar #bitcoin mining farm to be built in Australia. ‚òÄÔ∏è

https://t.co/RAj8yUwphP",2018-04-30 08:32:29
132,990871492199002112,"@bitesprit BitEsprit is an all-in-one cryptocurrency trading solution with built-in copy trading functionality, fac‚Ä¶ https://t.co/GYolalILl7",2018-04-30 08:32:27
133,990871491934732289,"!!CHECK OUT LIMITED CRYPTO APPAREL!!
--&gt;https://t.co/c6yOXbyIFx
--&gt;https://t.co/c6yOXbyIFx
#Bitcoin #Crypto $BTC‚Ä¶ https://t.co/CX8KnBrwBR",2018-04-30 08:32:27
134,990871491121221632,"RT @bethereumteam: Bit-by-bit we're going to announce what's coming next!
A lot of people already closely guessed it in our Telegram chat:‚Ä¶",2018-04-30 08:32:27
135,990871490596933632,"RT @Viberate_com: ‚ÄúWe have to be careful how we regulate the blockchain technology‚Äù - Nejc Novak

#EBCS18 #BlockchainSummit #IfeelSlovenia‚Ä¶",2018-04-30 08:32:27
136,990871490491891712,"MT @sas_harmonie #immobilier
L‚Äôimpact de la r√©volution num√©rique sur le secteur de la #construction‚Ä¶ https://t.co/8JA6AKYKe2",2018-04-30 08:32:27
137,990871479062589440,RT @Viberate_com: ‚ÄúHugest chance that I have seen in my life‚Äù - @GLRalf speaking on the chance to take tech startups from Silicon Valley an‚Ä¶,2018-04-30 08:32:24
138,990871467611996160,"https://t.co/sGCErQhgPd  gives 0.2 mBTC every day to 10 random players that were active in past 24 hours!

Check ou‚Ä¶ https://t.co/K8BUY5ADm0",2018-04-30 08:32:22
139,990871451686318081,RT @maxkeiser: It‚Äôs interesting and fun watching a great investor like Buffett trying to grasp #Bitcoin. https://t.co/q337wGQfih,2018-04-30 08:32:18
140,990871450591596545,"RT @coinseedapp: Rich people have small TVs and big libraries, and poor people have small libraries and big TVs. --Zig Ziglar #blockchain #‚Ä¶",2018-04-30 08:32:17
141,990871449006112768,Btc update: likely to push upwards to paint a beardiv. On at least 4h /12h. And correct to 8400$ area. First target‚Ä¶ https://t.co/EAvo5gnfJe,2018-04-30 08:32:17
142,990871446615404544,"RT @Riyadpitchi: #Bitcoin update 
Do not panic  We bounced on the black channel  3 times so far üòå 
That will happen many times. We might ev‚Ä¶",2018-04-30 08:32:17
143,990871432526737408,"RT @RandolphMlny: #Bitcoin #Satoshi #Earn_Money #cryptocurrency #blockchain #Airdrop
IRIS EXCLUSIVE AIRDROP üì¢

IRIS Decentralized Electroni‚Ä¶",2018-04-30 08:32:13
144,990871430056292352,RT @CryptosWithB66: Der #Bitcoin befindet sich gleich am unteren Rand des Aufw√§rtskanals. Die Bullen wollen die Ralley auf √ºber 10.000 USD.‚Ä¶,2018-04-30 08:32:13
145,990871429691334657,"RT @__signals__: Target 4 reached on @signals_premium within 67 days ~56% profit #0x (#ZRX) $ZRX

Sign up to access all our trade signals -‚Ä¶",2018-04-30 08:32:12
146,990871427967569920,"RT @bitcoinus_io: BE FAST!

Get your 15% OFF on the very last BITS tokens!

#Bitcoinus #cryptoprocessing #onlinepayments #ICO #crypto #cryp‚Ä¶",2018-04-30 08:32:12
147,990871427845849090,"RT @CoinAirdropsAll: #Bitcoin #Satoshi #Earn_Money #cryptocurrency #blockchain #Airdrop
New Airdrop #Aelf üì¢

Aelf giving away 1000 coins ev‚Ä¶",2018-04-30 08:32:12
148,990871427480997888,"RT @investaco_uk: Investa Products - Cards https://t.co/0kdG8I87yr 

#teaminvesta #investa #bitcoin #blockchain #crypto #cryptocurrency #bi‚Ä¶",2018-04-30 08:32:12
149,990871415501942792,"Bitcoin„ÄÅLitecoin„ÄÅMonero„ÄÅDASH„Å™„Å©„ÇíÂÆåÂÖ®ÂåøÂêç„ÅßÁèæÈáë„ÅßÂÄã‰∫∫Èñì„ÅßÁ∞°Âçò„Å´ÂØæÈù¢Â£≤Ë≤∑„Åô„Çã„Åì„Å®„Åå„Åß„Åç„Çã„Çµ„Ç§„Éà„ÄÅbtc-trade-p2p„ÅÆÈÅãÂñ∂„Çí„Åó„Å¶„Åä„Çä„Åæ„Åô„ÄÇ
#ÊöóÂè∑ÈÄöË≤®„ÄÄ#„Éì„ÉÉ„Éà„Ç≥„Ç§„É≥„ÄÄ#Bitcoin„ÄÄ#BTC

https://t.co/f34lHggOFI",2018-04-30 08:32:09
150,990871415166468096,https://t.co/mAJFDdRIFO  #Xriba#Airdrop you must retweet this to join #earn #crypto #today #referral enter your‚Ä¶ https://t.co/g6Hp81MFaI,2018-04-30 08:32:09
151,990871414940094466,"For $100K, you can buy citizenship of a country youve never visited #bitcoin #finance #money #cryptocurrency‚Ä¶ https://t.co/26UaD6tOah",2018-04-30 08:32:09
152,990871414071857152,RT @KoronaCoin: #koronacoin #bitcoin #ethereum #blockchain #ICO #bountyhunters https://t.co/5sHwGwWTww,2018-04-30 08:32:09
153,990871406807322624,"–†–µ–∑–µ—Ä–≤–Ω—ã–π –±–∞–Ω–∫ –°–µ–Ω—Ç-–õ—É–∏—Å–∞: ¬´–±–∏—Ç–∫–æ–∏–Ω ‚Äî —ç—Ç–æ –∫–∞–∫ –ø–æ—á—Ç–∏ —Ç—Ä–∞–¥–∏—Ü–∏–æ–Ω–Ω–∞—è –≤–∞–ª—é—Ç–∞¬ª
#bitcoin #btc #–±–∏—Ç–∫–æ–∏–Ω https://t.co/LDAK2PGN8T",2018-04-30 08:32:07
154,990871396711481345,"See the future :https://t.co/4TCf9Mj43U
#XYO #geolocation #Crypto #Blockchain  #ether #ethereum #bitcoin‚Ä¶ https://t.co/jVgKNByuFY",2018-04-30 08:32:05
155,990871391699288064,"RT @poolyapool: 0% fee on https://t.co/3JhoPSiYoa until we reach 1000 miners!

Earn 1 LTC sharing this tweet and following us. We will raff‚Ä¶",2018-04-30 08:32:03
156,990871388113264640,RT @Quarteria_io: Find out how to contribute to our #Quarteria #ICO on @Medium https://t.co/y5EmzTpHFj #crypto #realestate #neo #blockchain‚Ä¶,2018-04-30 08:32:03
157,990871384048984064,RT @elyssanlol: #NavCoin is developing the best decentralized Community Fund to date! Coming Soon (80% finished)! Read more at https://t.co‚Ä¶,2018-04-30 08:32:02
158,990871368420950018,MoneyToken‚Äôs lending model uses fluctuating crypto-assets as collateral for a loan provided in fiat currency or sta‚Ä¶ https://t.co/tveBYZdAWK,2018-04-30 08:31:58
159,990871367313698816,"RT @poolyapool: 0% fee on https://t.co/3JhoPSiYoa until we reach 1000 miners!

Earn 1 LTC sharing this tweet and following us. We will raff‚Ä¶",2018-04-30 08:31:58
160,990871363408809984,"RT @ArminVanBitcoin: The first ever solar #bitcoin mining farm to be built in Australia. ‚òÄÔ∏è

https://t.co/RAj8yUwphP",2018-04-30 08:31:57
161,990871362620145664,"RT @DAGTofficial: With Bitcoin clearing the $9,000 mark, it seems we are finally moving from a bear to a bull market. How much higher do yo‚Ä¶",2018-04-30 08:31:57
162,990871360091045888,"RT @poolyapool: 0% fee on https://t.co/3JhoPSiYoa until we reach 1000 miners!

Earn 1 LTC sharing this tweet and following us. We will raff‚Ä¶",2018-04-30 08:31:56
163,990871334065291264,RT @Crypt0_Br0s: We're late on yesterday's giveaway so we're doing 2 today one is the next 3 followers get 30 btcz each &amp; the other is 50 b‚Ä¶,2018-04-30 08:31:50
164,990871328210202624,"Removed tweet on 200MA to not cause confusion; sorry about that :D. 

#bitcoin now sitting at diagonal and horizontal support. $btc #btc",2018-04-30 08:31:48
165,990871327115481089,RT @TheElementGrp: Is #bitcoin a (bursting) bubble? -- @GoldmanSachs independent research podcast -- discussing the taxonomy of a speculati‚Ä¶,2018-04-30 08:31:48
166,990871298636050433,RT @pokemongopkg: We are airdropping 10000 PokemonGo (PKG) Tokens! üöÄ Join our telegram group (https://t.co/kbitItPpFs) and retweet this twi‚Ä¶,2018-04-30 08:31:41
167,990871282173468673,"RT @fixy_app: Don‚Äôt miss this one life time chance to be a part of cryptocurrency mass adoption movement.

If you wish to get to know more‚Ä¶",2018-04-30 08:31:37
168,990871277916377088,"RT @ImpressioLTD: Did you know that Twitter co-founder and CEO, @jack, believes that the world, and internet, will eventually have a ‚Äúsingl‚Ä¶",2018-04-30 08:31:36
169,990871273118019584,Der #Bitcoin befindet sich gleich am unteren Rand des Aufw√§rtskanals. Die Bullen wollen die Ralley auf √ºber 10.000‚Ä¶ https://t.co/oGqpzhcDgw,2018-04-30 08:31:35
170,990871271809437697,"RT @RandolphMlny: #Bitcoin #Satoshi #Earn_Money #cryptocurrency #blockchain #Airdrop
New Airdrop #KRYPTONO üì¢

Get $1000 Worth of KRYPTONO‚Ä¶",2018-04-30 08:31:35
171,990871270408454144,"In two words. It‚Äôs 9220 now. There was an upward road, but it was impossible to break through 9500. We will have to‚Ä¶ https://t.co/jcTJfkdIao",2018-04-30 08:31:35
172,990871266784612352,"RT @CoinAirdropsAll: #Bitcoin #cryptocurrency #Airdrop
New Airdrop #Aicrypto üì¢

Aicrypto is airdropping 2000 #AIC Tokens to Community Membe‚Ä¶",2018-04-30 08:31:34
173,990871262732922880,The Bitcoin Daily wurde soeben publiziert! https://t.co/57FiW5iHQT #bitcoin #btc,2018-04-30 08:31:33
174,990871261759733760,"RT @tatianakoffman: Only 6% of crypto investors and users are women. Fellow females, don't miss this wave of wealth creation. Tell me what‚Ä¶",2018-04-30 08:31:32
175,990871261038370816,RT @1k_experiment: The Most Profitable #Cryptocurrencies to Mine and More in Google Sheets https://t.co/i9p5KKG3eV #crypto #cryptomining #b‚Ä¶,2018-04-30 08:31:32
176,990871254168059904,"https://t.co/DE7p4EHE9t
#XYO #geolocation #Crypto   #Blockchain #ether #ethereum #bitcoin #cryptocurrency #ICO‚Ä¶ https://t.co/laVRqVghAO",2018-04-30 08:31:31
177,990871242554175488,RT @KoronaCoin: #koronacoin #bitcoin #ethereum #blockchain #ICO #bountyhunters https://t.co/5sHwGwWTww,2018-04-30 08:31:28
178,990871242059239425,"RT @CryptOwenWilson: Just gonna leave this here, check it out. It's hilarious, wise, R-rated, but also it was years ahead of it's time. I i‚Ä¶",2018-04-30 08:31:28
179,990871228868014080,"RT @hashcard: https://t.co/y31VEcSZOx

#ico #cryptocard #btccard #bitcoincard #hashcard #icos #bitcoin #cryptocurrency  #blockchain #blockc‚Ä¶",2018-04-30 08:31:25
180,990871228104638464,"@capital_company #CapitalTechnologiesResearch, #blockchain, #privacy,  #security, #ethereum, #bitcoin is a very nic‚Ä¶ https://t.co/jcY6dSjMwy",2018-04-30 08:31:24
181,990871221209190400,"RT @__signals__: Target 2 reached on @signals_premium within 46 days ~48% profit #Neblio (#NEBL) $NEBL

Sign up to access all our trade sig‚Ä¶",2018-04-30 08:31:23
182,990871204356472832,#XYO #geolocation #Crypto #Blockchain  #ether #ethereum #bitcoin #cryptocurrency  #ICO  #tokensale‚Ä¶ https://t.co/9jgb4OhBMc,2018-04-30 08:31:19
183,990871201949007872,RT @earthtokens: Darling Brew Partners with impactChoice to become Africa‚Äôs First Carbon Neutral Brewery https://t.co/ZGemLNa2HF #earth2moo‚Ä¶,2018-04-30 08:31:18
184,990871197670887424,RT @bethereumteam: We'd like to welcome our new followers with an update about our innovative bounty program solution. Our developers are w‚Ä¶,2018-04-30 08:31:17
185,990871197347991554,"RT @WorldBitBank: Lets start Monday with some good news‚ÄºÔ∏è
Not every one knows that we accept payments in #bitcoin. Here is an instruction f‚Ä¶",2018-04-30 08:31:17
186,990871192520314880,"Apr 30, 2018 08:30:00 UTC | 9,142.30$ | 7,544.20‚Ç¨ | 6,647.30¬£ | #Bitcoin #btc https://t.co/trPFlD5QRm",2018-04-30 08:31:16
187,990871189915602944,"RT @bethereumteam: Our transparent and easy-to-use bounty solution is almost ready for a live launch!

Join our community on Telegram: http‚Ä¶",2018-04-30 08:31:15
188,990871174749007873,"Current #crypto prices on #Bittrex:

#Bitcoin at $9,168, down -1.4%.
#Ethereum at $675, up 0.1%.
#Ripple at $0.83,‚Ä¶ https://t.co/OyXBIazo6f",2018-04-30 08:31:12
189,990871165668216832,RT @bravenewcoin: #Bitcoin Price: USD $9224.35 $BLX https://t.co/uBGkL4PWSO https://t.co/wuJF0jZ7bc,2018-04-30 08:31:10
190,990871163105628162,"RT @bethereumteam: We've just hit 500 members on Telegram. Have you seen our Group Butler? He's quite funny.
#Bethereum #crypto #bitcoin #t‚Ä¶",2018-04-30 08:31:09
191,990871151860682753,RT @RLTYtoken: Less than a month to go before the SMARTRealty token sale ends. Get  your RLTY tokens now at https://t.co/39q6sRzMzA - We ac‚Ä¶,2018-04-30 08:31:06
192,990871143421751296,"#BTG
Buy at #Bittrex and sell at #Cex. Ratio: 1.96%
Buy at #Bitfinex and sell at #Cex. Ratio: 2.09%
Buy at‚Ä¶ https://t.co/XDfZunLBDs",2018-04-30 08:31:04
193,990871142100602881,"#XLM
Buy at #Kraken and sell at #Koineks. Ratio: 1.69%
Buy at #Kraken and sell at #SistemKoin. Ratio: 1.46%‚Ä¶ https://t.co/p3NniM3MtE",2018-04-30 08:31:04
194,990871140838133760,"#DASH
Buy at #Bittrex and sell at #Koineks. Ratio: 1.38%
Buy at #Kraken and sell at #Koineks. Ratio: 1.14%
#bitcoin‚Ä¶ https://t.co/6h9P1eSEeR",2018-04-30 08:31:04
195,990871139625918464,"#BCH
Buy at #Bitstamp and sell at #SistemKoin. Ratio: 1.09%
Buy at #Bitfinex and sell at #SistemKoin. Ratio: 1.09%‚Ä¶ https://t.co/PRxtCnxyKi",2018-04-30 08:31:03
196,990871139454013441,RT @JohannesGees: Ist that a #bitcoin on the @snb Schweizerische Nationalbank? Trustsquare rules! https://t.co/l4hq86BIja,2018-04-30 08:31:03
197,990871138287923200,"#XRP
Buy at #Bitfinex and sell at #Cex. Ratio: 1.12%
Buy at #Kraken and sell at #Cex. Ratio: 1.02%
Buy at #Bitfinex‚Ä¶ https://t.co/jDHYZWWVTx",2018-04-30 08:31:03
198,990871136589307904,"#BTC
Buy at #Paribu and sell at #Koineks. Ratio: 1.44%
Buy at #Paribu and sell at #Cex. Ratio: 1.15%
#bitcoin‚Ä¶ https://t.co/iO1Tnhpx0I",2018-04-30 08:31:03
199,990871136270348288,RT @KoronaCoin: #koronacoin #bitcoin #ethereum #blockchain #ICO #bountyhunters https://t.co/5sHwGwWTww,2018-04-30 08:31:03
200,990871126485159941,"Discover the world of #crypto investing with #potcoin by clicking here https://t.co/cPDbX916cT #cannabis,‚Ä¶ https://t.co/RTsEG2txnu",2018-04-30 08:31:00
201,990871119346446337,"Click Here And Get Immediate Access to XRIBA FREE TOKENS... https://t.co/2GHjXvqxRO
#Airdrop #cryptocurrency‚Ä¶ https://t.co/xpfgXXUFVe",2018-04-30 08:30:59
202,990871117614211072,"RT @__signals__: Target 1 reached on @signals_premium within 3 days ~7% profit #AirSwap (#AST) $AST

Sign up to access all our trade signal‚Ä¶",2018-04-30 08:30:58
203,990871117190529024,"RT @RandolphMlny: #Bitcoin #cryptocurrency #Airdrop
New Airdrop #NextPakk üì¢

NextPakk airdrop 25 #PAKKA (~ 20 USD) to the Community Members‚Ä¶",2018-04-30 08:30:58
204,990871116418879493,"RT @jblefevre60: How #Bitcoin Transactions Work  

HT @JacBurns_Comext @Fisher85M @evankirstel 

#Blockchain #Fintech #AI #IoT #Bigdata #Cy‚Ä¶",2018-04-30 08:30:58
205,990871110668304389,"RT @Crypticsup: Cryptocurrency forecast for 28.04.2018

https://t.co/x7h9mQKNvD

#Cryptics #crowdsale #bitcoin  #ico  #Cryptocurrencies #cr‚Ä¶",2018-04-30 08:30:56
206,990871110135754752,"RT @CoinAirdropsAll: #Bitcoin #cryptocurrency #Airdrop
New Airdrop #PokemonGo üì¢

PokemonGo Airdrop - 10000 #PKG TokensüéÅüí∞üíé

Click here : htt‚Ä¶",2018-04-30 08:30:56
207,990871106985824257,"RT @Blockchainlife: #Bitcoin can replace gold while market cap could be worth $6 Trillion and eventually be worth $700,000 per $BTC. Bitcoi‚Ä¶",2018-04-30 08:30:56
208,990871101428428800,"#NASDAQ'ta √ºst banda yakƒ±nƒ±z.
#index #dowjones #ftse #cac #WallStreet #SP500 #bitcoin #forex #bist #stoxx #euro‚Ä¶ https://t.co/c8RPfEjJHD",2018-04-30 08:30:54
209,990871093547339776,Lambo https://t.co/e1tXun48w5 #bitcoin #hodl,2018-04-30 08:30:52
210,990871089159913473,"RT @murthaburke: Xbox One S 1TB Console ‚Äì Minecraft Limited Edition Bundle + Free Pig Controller &amp; Game! 
https://t.co/hdzUmE7aMI
#blockcha‚Ä¶",2018-04-30 08:30:51
211,990871087570411521,"RT @RefugeCoin: Apr 1, 2018 ‚Äî May 31, 2018
#TokenSale:  7.000.000 #RFG -20% Discount

Register here: https://t.co/yauo1pcwUa  
       
#cry‚Ä¶",2018-04-30 08:30:51
212,990871085888483329,"#Bitcoin update 
Do not panic  We bounced on the black channel  3 times so far üòå 
That will happen many times. We m‚Ä¶ https://t.co/jhGuukSxJD",2018-04-30 08:30:51
213,990871072458362883,"El precio del Bitcoin: 7,545.03‚Ç¨ #bitcoin #elpreciodelbtc #criptomonedas",2018-04-30 08:30:47
214,990871056582930434,"Major Chip Maker AMD‚Äôs Revenues Surge Due to Cryptocurrency Mining 
https://t.co/HYw8mJRbb7 
#newsoftheweek‚Ä¶ https://t.co/5alrXpfWsM",2018-04-30 08:30:44
215,990871053772775424,"RT @bethereumteam: Less then 24 hours and our communities have grown by more than 20,000 members. All systems are still operational!
Are we‚Ä¶",2018-04-30 08:30:43
216,990871053189730304,"RT @KoronaCoin: üì∞‚òáüëëRead this article about Korona Coin: ‚¨á
#koronacoin #bitcoin #ethereum #ICO #bountyprogram #bountyhunters

https://t.co/6‚Ä¶",2018-04-30 08:30:43
217,990871039063347205,"RT @ORACLEofETH: If #Bitcoin hits 10k by tomorrow...
I'll send 1 $BTC to EVERYONE that RETWEETS this.

Learn about cryptos here: @goBitTech‚Ä¶",2018-04-30 08:30:39
218,990871033459757057,".@wadhwa On The Dark Side Of #Technology, End Of #Bitcoin And More https://t.co/Vt1SOHEhQz",2018-04-30 08:30:38
219,990871019329073152,ATLANT Real Estate Platform https://t.co/couqnDVYTY #bitcoin #hodl,2018-04-30 08:30:35
220,990871015021400064,"RT @CryptOwenWilson: Just gonna leave this here, check it out. It's hilarious, wise, R-rated, but also it was years ahead of it's time. I i‚Ä¶",2018-04-30 08:30:34
221,990871009644466176,We offer Forex Managed Accounts at City of Investment with high returns. You can invest in a managed forex account‚Ä¶ https://t.co/8HwYkAELmk,2018-04-30 08:30:32
222,990871009459777536,"RT @BTCTN: Bitcoin Cash Adoption Continues: Crypto Cafebar, Gold Vendor, Concealed-Carry Clothing https://t.co/hNsb2kmcfX #Bitcoin https://‚Ä¶",2018-04-30 08:30:32
223,990871007421444097,#EOS Price is 0.00194411 (-0.00005683) #BTC / 17.918 (-0.53040) #USD. Market rank is 5. #eos #bitcoin #blockchain,2018-04-30 08:30:32
224,990871007069179904,#ADA Price is 0.00003709 (-0.00000021) #BTC / 0.341878 (-0.00198) #USD. Market rank is 6. #cardano #bitcoin #blockchain,2018-04-30 08:30:32
225,990871006632964097,"Binance registration is ONLINE! I JUST checked! üíé ü§ë  

‚û°Ô∏è https://t.co/AaIg7z8YeZ

$ZEPH $SUB $UKG $XP $POT $DNA‚Ä¶ https://t.co/gZ5BLtj8ee",2018-04-30 08:30:32
226,990871004384653312,"https://t.co/I69wMGvptm
¬†#XYO # geolocation # Crypto #Blockchain #ether #ethereum #bitcoin #cryptocurrency #ICO‚Ä¶ https://t.co/fb8rPjGjbV",2018-04-30 08:30:31
227,990871000295362560,#DASH Price is 0.0519268 (-0.00022540) #BTC / 478.586 (-2.25200) #USD. Market rank is 12. #dash #bitcoin #blockchain,2018-04-30 08:30:30
228,990871000014295040,#XEM Price is 0.00004421 (-0.00000013) #BTC / 0.408901 (+0.00010) #USD. Market rank is 14. #nem #bitcoin #blockchain,2018-04-30 08:30:30
229,990870995417354240,#SUB Price is 0.00008900 (+0.00000074) #BTC / 0.820261 (+0.00510) #USD. Market rank is 68. #substratum #bitcoin #blockchain,2018-04-30 08:30:29
230,990870971690074113,"RT @StentToken: 20k stent token Giveaway! 
For 200 first person will receive 100 stent token
Program will end on April,5

How to participat‚Ä¶",2018-04-30 08:30:23
231,990870967999229952,"RT @ROOMDAOICO: STOP CORRUPTION AT ICO LISTING SITES !!!!
#ico #corruption #bitcoin #crypto #listing #etherium #blockchain #startups https:‚Ä¶",2018-04-30 08:30:22
232,990870965730119680,RT @BlackDiamondRsc: @cryptoteddyb Hello TB! Here is my primary count (very similar). #Bitcoin is moving so slow and makes me doubt it will‚Ä¶,2018-04-30 08:30:22
233,990870963632816128,"RT @CoinKor: Ëã± Í∏àÏúµÍ∞êÎèÖÏ≤≠ ‚ÄúÎπÑÌä∏ÏΩîÏù∏, Í≤∞Ï†úÏàòÎã®Î≥¥Îã§Îäî ÏûêÏÇ∞Ïú†ÌòïÏúºÎ°ú Ïù∏Ïãù‚Äù #Bitcoin $BTC #ÎπÑÌä∏ÏΩîÏù∏
https://t.co/NTMQVN1PAp via @tokenpostkr",2018-04-30 08:30:21
234,990870961745416193,"RT @Crypticsup: Cryptocurrency forecast for 27.04.2018

https://t.co/V7J3m4ZyjB

#Cryptics #crowdsale #bitcoin  #ico  #Cryptocurrencies #cr‚Ä¶",2018-04-30 08:30:21
235,990870960222953473,"30 min #RSI Signals:

$BTC - $ICX: 23.92
$BTC - $GTO: 24.07
$BTC - $EOS: 26.98
$BTC - $ZRX: 29.33
$BTC - $SWIFT: 30‚Ä¶ https://t.co/3f00DhlVqA",2018-04-30 08:30:21
236,990870959577010176,RT @BTCTN: Indian Exchange Launches 23 Crypto-to-Crypto Trading Pairs with Zero Fees https://t.co/lwgQFxACXf #Bitcoin https://t.co/x815ZBEA‚Ä¶,2018-04-30 08:30:20
237,990870956393590785,"BTC is still safe to hodl by trader ourstation  published April 30, 2018 #bitcoin $btcusd https://t.co/2jijGnEmua https://t.co/0PXDZWVt8w",2018-04-30 08:30:20
238,990870948042694656,"The Future of Native Mobile Apps on Blockchain ‚Äî What They Should Look Like, and How to Build One‚Ä¶‚Ä¶ https://t.co/dy8MRQvMYZ",2018-04-30 08:30:18
239,990870947560394752,"RT @RandolphMlny: #Bitcoin #cryptocurrency #Airdrop
New Airdrop #BrickBlock üì¢

BrickBlock is Airdropping a Total of $1,020,000 Worth of #BB‚Ä¶",2018-04-30 08:30:18
240,990870945278713856,"RT @CoinAirdropsAll: #Bitcoin #Satoshi #Earn_Money #cryptocurrency #blockchain #Airdrop
New Airdrop #Globalcoins üì¢

NEW Globalcoins Airdrop‚Ä¶",2018-04-30 08:30:17
241,990870931852681222,"RT @Etherjoy1: 5 Million AirdropÔºÅ Just few clicks worth $5 reward! 
Click: https://t.co/puSCbl0VSK     
500 Ejoys sent to your ETH addressÔºÅ‚Ä¶",2018-04-30 08:30:14
242,990870931676565504,https://t.co/uZxcVjR20J relaunched as a provably-fair investment game. Win up to 255% or the bank! JOIN THE BIT‚Ä¶ https://t.co/WEll9FT6nZ,2018-04-30 08:30:14
243,990870928505663489,Hurricane-hit countries slash cost of citizenship-by-investment programs https://t.co/DVnD7L2D1Z #finance #money #bitcoin #cryptocurrency,2018-04-30 08:30:13
244,990870928090435585,"RT @cryptonetix: #Bitcoin Price Corrects to $9,200 while EOS Drops 15%, Market Moves Toward $430 Billion https://t.co/NZVwPRFOXB #crypto #b‚Ä¶",2018-04-30 08:30:13
245,990870925783560192,"#Bitcoin Price Corrects to $9,200 while EOS Drops 15%, Market Moves Toward $430 Billion https://t.co/NZVwPRFOXB‚Ä¶ https://t.co/pKC3nuKMw4",2018-04-30 08:30:12
246,990870920884641792,Les gains sur le #bitcoin seront beaucoup moins impos√©s en France https://t.co/ElUxTsuJwC via @LesEchos #fiscalit√©,2018-04-30 08:30:11
247,990870918187667456,"RT @sthenc: Want to know why #Bitcoin is a big deal? Read this book. üíØüî•

@saifedean https://t.co/KE1Y0HwI9l",2018-04-30 08:30:11
248,990870915331297280,For regular #bitcoin #cryptocurrency #blockchain &amp; #dlt meet ups in the #Southsea #Pompey #Hampshire areas - regist‚Ä¶ https://t.co/ySH8JiatX8,2018-04-30 08:30:10
249,990870914412793856,#LabStart#Crypto #crytocurrency #bitcoin  #Ethereum #Blockchain #coinbase #ICO #preICO #token #toensale #ERC2 #ETH‚Ä¶ https://t.co/5FQvYLoSaV,2018-04-30 08:30:10
250,990870913154408449,"RT @murthaburke: Xbox One S 1TB Console ‚Äì Minecraft Limited Edition Bundle + Free Pig Controller &amp; Game! 
https://t.co/hdzUmE7aMI
#blockcha‚Ä¶",2018-04-30 08:30:09
251,990870911602610176,"RT @__signals__: Target 4 reached on @signals_premium within 27 days ~82% profit #SirinLabs (#SRN) $SRN

Sign up to access all our trade si‚Ä¶",2018-04-30 08:30:09
252,990870910600142849,"which one is the ""real"" #bitcoin ? Is there a ""real"" #BTC ? https://t.co/Pb3zpcfyjU",2018-04-30 08:30:09
253,990870904828841984,#forex #bitcoin #gold #oil #technical #money #profits #Lebanon #Dubai #Saudi_Arabia #crude_oil #technical_analysis‚Ä¶ https://t.co/A2Cv93Z8Si,2018-04-30 08:30:07
254,990870898126176257,L‚Äôimpact de la r√©volution num√©rique sur le secteur de la #construction #blockchain #bitcoin @jplarger @SeLoger‚Ä¶ https://t.co/VkFjSNsWJn,2018-04-30 08:30:06
255,990870896792481797,Join The eCoinNetwork. Learn all about #cryptocurency https://t.co/SV0UOOuy0T #ecoin #Bitcoin #ecoinnetwork‚Ä¶ https://t.co/tCoMqzDLsH,2018-04-30 08:30:05
256,990870895467073536,"RT @InvestInBrokers: @InvestInBrokers featured on Coin Clarity! 
https://t.co/KWItfbBj4K

#crypto #cryptocurrency #cryptonews #cryptocurren‚Ä¶",2018-04-30 08:30:05
257,990870894175125505,"RT @litrabit: 2 years benefits for Private Sale Investors
- 10% discount on buying our token from our Litrabit App.
- Profit of 20% ratio o‚Ä¶",2018-04-30 08:30:05
258,990870890794700800,"2018/04/30 17:30

#BTC 1004242ÂÜÜ
#ETH 74142.5ÂÜÜ
#ETC 2361.1ÂÜÜ
#BCH 152012.9ÂÜÜ
#XRP 91ÂÜÜ
#XEM 44ÂÜÜ
#LSK 1324.1ÂÜÜ
#MONA 566.‚Ä¶ https://t.co/pJjz05v8U1",2018-04-30 08:30:04
259,990870888789749760,One Bitcoin now worth $9146.37@bitstamp. High $9443.960. Low $9111.000. Market Cap $155.545 Billion #bitcoin,2018-04-30 08:30:04
260,990870882322010112,"ÂèñÂºïÊâÄ Ë≤∑Êùø Â£≤Êùø 
Zaif 1,005,900ÂÜÜ 1,005,930ÂÜÜ 
bitFlyer 1,003,000ÂÜÜ 1,003,065ÂÜÜ 
coincheck 1,001,267ÂÜÜ 1,001,500ÂÜÜ 
Êé°ÊéòÊ∏à„ÅøÂâ≤Âêà Á¥Ñ80.‚Ä¶ https://t.co/2Y5uJdXMgA",2018-04-30 08:30:02
261,990870881806282752,Last chance to take part in our 5000 ETH Giveaway promotion! We have added 3000 more ETH https://t.co/AcDeXhQwvk #ethereum #bitcoin,2018-04-30 08:30:02
262,990870880371793920,"‚è∞ 30/04/2018 - 11:30
=========================
‚Ä¢ üîª-0.09 #Bitcoin: ‚Ç∫37,405.08
‚Ä¢ üî∫0.25 #Ethereum: ‚Ç∫2,755.68
‚Ä¢ üîª-0.32‚Ä¶ https://t.co/mE0NWSe6jG",2018-04-30 08:30:02
263,990870879168057345,"#Bitcoin üîΩ -0.61% 
Ultima: R$ 32850.00  Alta: R$ 33498.00 Baixa: R$ 32850.00
Fonte: Foxbit",2018-04-30 08:30:01
264,990870877804769281,"„ÇÇ„Çç„ÇÇ„ÇçÂÆüÈ®ì‰∏≠„ÅÆ„Ç¢„Ç´„Ç¶„É≥„Éà„Å™„ÅÆ„Åß„ÄÅ„Åü„Åæ„Å´Ë™§ÁàÜ„Åó„Åæ„Åô
„ÅîËø∑ÊÉë„Åä„Åã„Åë„Åó„Åæ„Å£„ÅôÔºÅÔºÅ

#bitcoin #altcoin #‰ªÆÊÉ≥ÈÄöË≤® #cryptocrrency",2018-04-30 08:30:01
265,990870876756365312,"RT @KoronaCoin: üì∞üìâüìà How will the üëëKorona Coin effect cost and time to execute a financial transaction?

üåêhttps://t.co/TdvHuMq4fy

#koronaco‚Ä¶",2018-04-30 08:30:01
266,990870876727005184,"RT @RealCryptoLion: Venezuela offers India crude oil on 30% discount, only if it agrees to pay in Cryptocurrency.

#crypto #altcoins #btc #‚Ä¶",2018-04-30 08:30:01
267,990870875854565377,"#Cryptocurrencies' market cap is now totaling $424.99 billion

The sum of the trading volume during the last 24 hou‚Ä¶ https://t.co/WrU0cCXrmI",2018-04-30 08:30:00
268,990870873488830467,‚Äú5 Things To Know Before Investing in Bitcoin 2018‚Äù by @zackarylee https://t.co/Yu9sxhjUwZ #bitcoin‚Ä¶ https://t.co/UPQY6AxHFY,2018-04-30 08:30:00
269,990870873350594560,RT @pokemongopkg: We are airdropping 10000 PokemonGo (PKG) Tokens! üöÄ Join our telegram group (https://t.co/kbitItPpFs) and retweet this twi‚Ä¶,2018-04-30 08:30:00
270,990870872972967936,‚Äú5 Things To Know Before Investing in Bitcoin 2018‚Äù by @zackarylee https://t.co/3V5JuzU2JY #bitcoin‚Ä¶ https://t.co/GC8zpDWjta,2018-04-30 08:30:00
271,990870867797331968,The Most Profitable #Cryptocurrencies to Mine and More in Google Sheets https://t.co/i9p5KKG3eV #crypto #cryptomining #bitcoin,2018-04-30 08:29:59
272,990870852756439040,RT @pokemongopkg: We are airdropping 10000 PokemonGo (PKG) Tokens! üöÄ Join our telegram group (https://t.co/kbitItPpFs) and retweet this twi‚Ä¶,2018-04-30 08:29:55
273,990870842778136576,RT @BTF_PROJECT: At BITRUST we regularly receive questions from the enthusiastic newcomers into crypto world about how the actual cryptocur‚Ä¶,2018-04-30 08:29:53
274,990870836717457408,"RT @ICOsprintx: More
üî•WARNING ‚è∞time is running out to get whitelisted! Don't miss out the opportunity to join our Pre-Sale Phase2 in just 4‚Ä¶",2018-04-30 08:29:51
275,990870829109010433,"RT @tatianakoffman: Only 6% of crypto investors and users are women. Fellow females, don't miss this wave of wealth creation. Tell me what‚Ä¶",2018-04-30 08:29:49
276,990870825321598977,"RT @KNWtoken: Knowledge is pleased to announce our partnership with @CoinomiWallet! As part of our partnership, Coinomi CEO George Kimionis‚Ä¶",2018-04-30 08:29:48
277,990870807462203392,Les gains sur le Bitcoin seront beaucoup moins impos√©s en France https://t.co/WEoR5Rj1K1 #bitcoin,2018-04-30 08:29:44
278,990870793411149824,"RT @__signals__: Target 1 reached on @signals_premium within 3 days ~7% profit #AirSwap (#AST) $AST

Sign up to access all our trade signal‚Ä¶",2018-04-30 08:29:41
279,990870792064905216,"RT @RandolphMlny: #Bitcoin #cryptocurrency #Airdrop
New Airdrop #Aicrypto üì¢

Aicrypto is airdropping 2000 #AIC Tokens to Community Members‚Ä¶",2018-04-30 08:29:40
280,990870789376348161,"RT @CoinAirdropsAll: #Bitcoin #cryptocurrency #blockchain

Nexo Starts ‚ÄòBest Job in Crypto‚Äô Campaign

Become a Top Blockchain Leader : http‚Ä¶",2018-04-30 08:29:40
281,990870788642291712,Red Monday is showing its face #bitcoin,2018-04-30 08:29:40
282,990870788390633472,RT @pokemongopkg: We are airdropping 10000 PokemonGo (PKG) Tokens! üöÄ Join our telegram group (https://t.co/kbitItPpFs) and retweet this twi‚Ä¶,2018-04-30 08:29:40
283,990870786536755200,"RT @__signals__: Target 1 reached on @signals_premium within 3 days ~7% profit #AirSwap (#AST) $AST

Sign up to access all our trade signal‚Ä¶",2018-04-30 08:29:39
284,990870780060848129,"Criptovaluta In Francia considerata ‚Äòpropriet√† mobile‚Äô, i trader ottengono una riduzione delle tasse‚Ä¶ https://t.co/hO3wSSGeUy",2018-04-30 08:29:38
285,990870777384853504,#herzaman aynƒ± senaryo d√º≈ücek algƒ±sƒ± ve pump   Wowwww #Btcusd #bitcoin #trxbtc,2018-04-30 08:29:37
286,990870757239545856,"#Bitcoin Price Corrects to $9,200 while #EOS Drops 15%, Market Moves Toward $430 Billion https://t.co/YVwI5jxtmK https://t.co/IehyHe1IKy",2018-04-30 08:29:32
287,990870742215479297,"RT @RefugeCoin: Apr 1, 2018 ‚Äî May 31, 2018
#TokenSale:  7.000.000 #RFG -20% Discount

Register here: https://t.co/yauo1pcwUa  
       
#cry‚Ä¶",2018-04-30 08:29:29
288,990870737274785792,RT @tvtwocom: Why Participate in the Crowdsale? Read our One-Pager: https://t.co/FLYp26ZzrW // #tvrevolution #crypto #cryptocurrencies #bit‚Ä¶,2018-04-30 08:29:27
289,990870733055283200,"Very relevant from #Bezos , especially in #Bitcoin space right now.  üí° https://t.co/RVy2jJeyQC",2018-04-30 08:29:26
290,990870727233556480,https://t.co/e7Wd7qluuW  you must retweet this to join #earn #crypto #today #referral enter your #ethereum #erc20‚Ä¶ https://t.co/HVtyPGJ5t3,2018-04-30 08:29:25
291,990870720682094594,RT @Quarteria_io: üëèüèºExcited to announce the addition of a new Advisor to our Quarteria team; @matthunter A Cryptocurrency expert with vast‚Ä¶,2018-04-30 08:29:23
292,990870717251010561,"https://t.co/5Lo4TfCjUb
„Éî„É≥„ÇØ„Ç¥„Éº„É´„Éâ„ÅÆ„Éì„ÉÉ„Éà„Ç≥„Ç§„É≥
PINK GOLD BITCOIN

#pink #bitcoin #„Éì„ÉÉ„Éà„Ç≥„Ç§„É≥ #„Éî„É≥„ÇØ #„Éî„É≥„ÇØ„Ç¥„Éº„É´„Éâ #„Ç≥„Ç§„É≥ #Ë£Ω‰Ωú",2018-04-30 08:29:23
293,990870715124666368,RT @Quarteria_io: Our CEO just finished an Amazing Interview with Christopher Greene of @amtvmedia which you can see here: https://t.co/O4S‚Ä¶,2018-04-30 08:29:22
294,990870703623852032,RT @KoronaCoin: #koronacoin #bitcoin #ethereum #blockchain #ICO #bountyhunters https://t.co/5sHwGwWTww,2018-04-30 08:29:19
295,990870701975490560,RT @tvtwocom: Express yourself! üó£Ô∏è https://t.co/Gsh9cmjhe3 // #tvrevolution #crypto #cryptocurrencies #bitcoin #ethereum #blockchain #finte‚Ä¶,2018-04-30 08:29:19
296,990870696707403776,Planning to get into cryptos? Check here if it's good time to do that: https://t.co/2g5wqjwkbz #crypto #bitcoin #investing,2018-04-30 08:29:18
297,990870692219506688,$BTC is taking a beating this morning #btc #bitcoin #crypto #cryptocurrency,2018-04-30 08:29:17
298,990870679296860160,RT @Quarteria_io: Our Platform reviewed by CryptoBud today in regards to its use case in the crypto industry https://t.co/w7yTJJi5yO #crypt‚Ä¶,2018-04-30 08:29:14
299,990870657419313153,RT @KoronaCoin: #koronacoin #bitcoin #ethereum #blockchain #ICO #bountyhunters https://t.co/5sHwGwWTww,2018-04-30 08:29:08
300,990870643368394752,"RT @ClaudeKabengera: This year's most anticipated highlights of @RealSmartAfrica, is the Exhibition where 100+world exhibitors culminating‚Ä¶",2018-04-30 08:29:05
301,990870638968614912,"Warren Buffet Says Buying Bitcoin is Gambling, Not Investing https://t.co/iU7AOgI9DI

I love to play when the prize‚Ä¶ https://t.co/iJWYPJz1Eb",2018-04-30 08:29:04
302,990870632727363584,"RT @ArminVanBitcoin: The first ever solar #bitcoin mining farm to be built in Australia. ‚òÄÔ∏è

https://t.co/RAj8yUwphP",2018-04-30 08:29:02
303,990870632186417152,"RT @ICOsprintx: More
üî•WARNING ‚è∞time is running out to get whitelisted! Don't miss out the opportunity to join our Pre-Sale Phase2 in just 4‚Ä¶",2018-04-30 08:29:02
304,990870632094105600,"RT @CoinAirdropsAll: #Bitcoin #Satoshi #cryptocurrency #blockchain #Airdrop
NEW #AIRDROPüì¢- ‚≠êÔ∏è‚≠êÔ∏è‚≠êÔ∏è‚≠êÔ∏è‚≠êÔ∏è 5/5 stars
#PokemonGo - Decentralized‚Ä¶",2018-04-30 08:29:02
305,990870627409121280,"RT @RandolphMlny: #Bitcoin #Satoshi #Earn_Money #cryptocurrency #blockchain #Airdrop
New Airdrop #Boosto üì¢

Boosto is airdropping 30 #BST T‚Ä¶",2018-04-30 08:29:01
306,990870617128747009,"https://t.co/e1ivXZ4p2P
#Crypto #Blockchain #SaaS   #loyaltypoints #marketing #ether #ethereum #bitcoin‚Ä¶ https://t.co/KzbOBYNbCK",2018-04-30 08:28:59
307,990870614054498305,"RT @InvestInBrokers: ‚ùì What's your favourite cryptocurrency exchange? üìå Vote now.

#crypto #cryptocurrency #cryptonews #cryptocurrencynews‚Ä¶",2018-04-30 08:28:58
308,990870598938132480,Some think the technology that was introduced with Bitcoin has enormous potential. That has a number of countries l‚Ä¶ https://t.co/PVUoS8u7TH,2018-04-30 08:28:54
309,990870593909198849,RT @JohannesGees: Ist that a #bitcoin on the @snb Schweizerische Nationalbank? Trustsquare rules! https://t.co/l4hq86BIja,2018-04-30 08:28:53
310,990870592919408646,"RT @VISOpayments: VITO is a Waves-based token. Become a member of the #VISO community: https://t.co/8Zbq4EhOz2
#Waves #blockchain #ICO #cry‚Ä¶",2018-04-30 08:28:53
311,990870592663339010,"RT @Etherjoy1: 5 Million AirdropÔºÅ Just few clicks worth $5 reward! 
Click: https://t.co/puSCbl0VSK     
500 Ejoys sent to your ETH addressÔºÅ‚Ä¶",2018-04-30 08:28:53
312,990870576506978306,Have you got your #ETH? #bitcoin #ethereum #cryptocurrency #altcoin #ico #blockchain https://t.co/pv5Y6OE9vh,2018-04-30 08:28:49
313,990870573797527552,"RT @token4sale: Airdrop is liveüî• Only First 5000 Participant will get 1000 KPT Worth $83 ü§ë
 Grab your token. Hurry Up!
Form Link : https://‚Ä¶",2018-04-30 08:28:48
314,990870555510231041,"RT @ROOMDAOICO: STOP CORRUPTION AT ICO LISTING SITES !!!!
#ico #corruption #bitcoin #crypto #listing #etherium #blockchain #startups https:‚Ä¶",2018-04-30 08:28:44
315,990870544659738624,"RT @Viberate_com: Bobby Prasad had a simple answer when asked where the blockchain can be implemented in the Healthcare industry: Data, Dru‚Ä¶",2018-04-30 08:28:41
316,990870537520824321,"RT @poolyapool: 0% fee on https://t.co/3JhoPSiYoa until we reach 1000 miners!

Earn 1 LTC sharing this tweet and following us. We will raff‚Ä¶",2018-04-30 08:28:40
317,990870533498552320,"RT @cokbilinmez: 75.000 $XVG  AIRDROPS 

1. Follow
2. Like
3. Retweet
4. Comment your ETH address HERE. 

#ico #airdrop #freetoken #easymon‚Ä¶",2018-04-30 08:28:39
318,990870499243651072,"RT @tatianakoffman: Only 6% of crypto investors and users are women. Fellow females, don't miss this wave of wealth creation. Tell me what‚Ä¶",2018-04-30 08:28:31
319,990870489752055809,RT @JohannesGees: Ist that a #bitcoin on the @snb Schweizerische Nationalbank? Trustsquare rules! https://t.co/l4hq86BIja,2018-04-30 08:28:28
320,990870488124674050,RT @fixy_app: Fixy app has come to change this situation by efficiently facilitating the use and application of the cryptocurrenty and bloc‚Ä¶,2018-04-30 08:28:28
321,990870476586078210,"RT @ICOsprintx: More
üî•WARNING ‚è∞time is running out to get whitelisted! Don't miss out the opportunity to join our Pre-Sale Phase2 in just 4‚Ä¶",2018-04-30 08:28:25
322,990870474925264896,RT @tvtwocom: Discuss TV-TWO on Reddit ü§ñ https://t.co/EGzJf9RaUS // #tvrevolution #crypto #cryptocurrencies #bitcoin #ethereum #blockchain‚Ä¶,2018-04-30 08:28:25
323,990870466922516481,"RT @RandolphMlny: #Bitcoin #cryptocurrency #Airdrop
New Airdrop #Columbery üì¢

Columbery is airdropping #CLMB to the first 30,000 airdrop pa‚Ä¶",2018-04-30 08:28:23
324,990870466758959105,... RT btabaka: Le Conseil d'Etat confirme que les gains tir√©s de la vente de #bitcoin sont imposables (comme des B‚Ä¶ https://t.co/A0pSeGnIIO,2018-04-30 08:28:23
325,990870463709560832,"RT @RefugeCoin: Apr 1, 2018 ‚Äî May 31, 2018
#TokenSale:  7.000.000 #RFG -20% Discount

Register here: https://t.co/yauo1pcwUa  
       
#cry‚Ä¶",2018-04-30 08:28:22
326,990870459670585344,"Bitcoin Price Corrects to $9,200 while EOS Drops 15%, Market Moves Toward $430 Billion https://t.co/3SpPUGad30 #BitCoin",2018-04-30 08:28:21
327,990870458852659205,"RT @RealCryptoLion: If you are new to crypto. Here a nice overview of all the terms: 

#crypto #altcoins #btc #bitcoin $btc #CryptoNews #xv‚Ä¶",2018-04-30 08:28:21
328,990870453483810816,RT @pokemongopkg: We are airdropping 10000 PokemonGo (PKG) Tokens! üöÄ Join our telegram group (https://t.co/kbitItPpFs) and retweet this twi‚Ä¶,2018-04-30 08:28:20
329,990870446504529926,"@XYOracleNetwork 

#XYO #geolocation #Crypto #Blockchain  #ether 

#ethereum #bitcoin #cryptocurrency  #ICO‚Ä¶ https://t.co/kkHvyDsVGw",2018-04-30 08:28:18
330,990870434815008768,RT @maxkeiser: It‚Äôs interesting and fun watching a great investor like Buffett trying to grasp #Bitcoin. https://t.co/q337wGQfih,2018-04-30 08:28:15
331,990870434018050050,#Skyllz aims to standardise and unifies the validation of every skill whether it is professional skill or not you a‚Ä¶ https://t.co/vKqH76Z1ns,2018-04-30 08:28:15
332,990870429525999618,RT @tvtwocom: Discuss TV-TWO on Reddit ü§ñ https://t.co/EGzJf9RaUS // #tvrevolution #crypto #cryptocurrencies #bitcoin #ethereum #blockchain‚Ä¶,2018-04-30 08:28:14
333,990870426946494464,RT @Mossbreaker: üé≤ Primedice | The Best Way To Roll | Instant Play &amp; Chat | Free #BTC Faucet | Most Popular #Bitcoin #Gambling Site | Prova‚Ä¶,2018-04-30 08:28:13
334,990870426195841024,"RT @bitcoinus_io: BE FAST!

Get your 15% OFF on the very last BITS tokens!

#Bitcoinus #cryptoprocessing #onlinepayments #ICO #crypto #cryp‚Ä¶",2018-04-30 08:28:13
335,990870425289670656,https://t.co/ukcUblMJ7W   #XYO #geolocation #Crypto #Blockchain  #ether #ethereum #bitcoin #cryptocurrency  #ICO‚Ä¶ https://t.co/fQBpUFXMqC,2018-04-30 08:28:13
336,990870414753611782,@capital_company #CapitalTechnologiesResearch #blockchain #privacy  #security #ethereum #bitcoin Capital Technologi‚Ä¶ https://t.co/FF7EVjtTiI,2018-04-30 08:28:11
337,990870411813539840,"RT @DigitalTokens: How the payments system works. Traditional vs #cryptocurrency 
#BTC #Bitcoin https://t.co/4ZL7PEIJ6z",2018-04-30 08:28:10
338,990870410978787328,"RT @bethereumteam: We're very proud of our ratings! ‚≠êÔ∏è
‚ñ∏ Sergio's spreadsheet: 81%
‚ñ∏ Hacked rating: 7.5 (Highest rated project)
https://t.c‚Ä¶",2018-04-30 08:28:10
339,990870409582071808,"RT @CryptoNSleeps: $TFD is blowing all benchmarks for a ""small cap"" out of the water. Last week it expanded to Italy; this week it's South‚Ä¶",2018-04-30 08:28:09
340,990870401835261952,"RT @AltcoinsTalks: #SKRAPS mentioned by @officialmcafee , #ToTheMoon 
Check : 
Airdrop: https://t.co/3ST5H5Nxts
Bounty: https://t.co/0imHCs‚Ä¶",2018-04-30 08:28:07
341,990870395669614592,Telegram channel: https://t.co/mE9wpF0yPl #IOT #internetofthings #btc #sensordata #localdata #ether #ethereum‚Ä¶ https://t.co/rNtl0yhXIY,2018-04-30 08:28:06
342,990870395283820549,"Just gonna leave this here, check it out. It's hilarious, wise, R-rated, but also it was years ahead of it's time.‚Ä¶ https://t.co/obSjUYkXgL",2018-04-30 08:28:06
343,990870394516262913,"RT @cryptoSqueeze: Nothing to see here. Just a normal day in #Bitcoin land
#Bitcoin $BTC https://t.co/ov4BeRJPRY",2018-04-30 08:28:06
344,990870388895707136,RT @pokemongopkg: We are airdropping 10000 PokemonGo (PKG) Tokens! üöÄ Join our telegram group (https://t.co/kbitItPpFs) and retweet this twi‚Ä¶,2018-04-30 08:28:04
345,990870388547702784,RT @bethereumteam: If you're raising money for a #Blockchain project better do it using a #SmartContract. We are! üßê - Thanks for publishing‚Ä¶,2018-04-30 08:28:04
346,990870385758384128,"RT @BTCThailand: #Bitcoin ‡∏Ñ‡∏∑‡∏≠‡∏≠‡∏∞‡πÑ‡∏£
‡∏ö‡∏¥‡∏ï‡∏Ñ‡∏≠‡∏¢‡∏ô‡πå (Bitcoin)‡∏Ñ‡∏∑‡∏≠‡πÄ‡∏á‡∏¥‡∏ô‡∏î‡∏¥‡∏à‡∏¥‡∏ï‡∏≠‡∏•(CryptoCurrency) ‡∏™‡∏Å‡∏∏‡∏•‡∏´‡∏ô‡∏∂‡πà‡∏á‡∏ã‡∏∂‡πà‡∏á‡∏°‡∏µMarket Cap ‡∏°‡∏≤‡∏Å‡∏ó‡∏µ‡πà‡∏™‡∏∏‡∏î‡πÅ‡∏•‡∏∞‡πÑ‡∏î‡πâ‡∏£‡∏±‡∏ö‡∏Ñ‡∏ß‡∏≤‡∏°‡∏ô‡∏¥‡∏¢‡∏°‡∏°‡∏≤‡∏Å‚Ä¶",2018-04-30 08:28:04
347,990870372143812608,"RT @bethereumteam: Click the link and vote for #Bethereum! ü•á
https://t.co/4qurfZ09Zj
#crypto #voteBTHR #reviewBTHR #Blockchain #Bitcoin #Et‚Ä¶",2018-04-30 08:28:00
348,990870371674058752,RT @Quarteria_io: Find out how to contribute to our #Quarteria #ICO on @Medium https://t.co/y5EmzTpHFj #crypto #realestate #neo #blockchain‚Ä¶,2018-04-30 08:28:00
349,990870371397185537,"I really like to participate with the private sale, too bad I dont have money yet.. Lucky guys for those who can bu‚Ä¶ https://t.co/SkaF9FCus4",2018-04-30 08:28:00
350,990870368377192448,"RT @zantepay: Latest updates, chat and support in ZANTEPAY Telegram group. üëª Join us now! 
https://t.co/7qwU7o8shQ
#cryptocurency #ico #blo‚Ä¶",2018-04-30 08:27:59
351,990870361897160705,"RT @bethereumteam: Join the hundred's of early-contributors! üë®‚Äçüë©‚Äçüë¶‚Äçüë¶
Our #presale is less than 400 #ETH left from selling out: https://t.co‚Ä¶",2018-04-30 08:27:58
352,990870350232776704,"RT @bethereumteam: We're going to open the #Bethereum core framework to third-party #Developers and #Businesses! üåê
Read about becoming an a‚Ä¶",2018-04-30 08:27:55
353,990870336680886272,"RT @OrozuCoin: As opposed to using cryptocurrency, traditional payment systems require more personal data and are more costly. With cryptoc‚Ä¶",2018-04-30 08:27:52
354,990870333291888640,#CHT #Countinghouse #hedgefund #investment #fund #Crypto #Blockchain  #ether #ethereum #bitcoin #cryptocurrency‚Ä¶ https://t.co/y9uN1PWh7s,2018-04-30 08:27:51
355,990870331484237824,RT @KoronaCoin: #koronacoin #bitcoin #ethereum #blockchain #ICO #bountyhunters https://t.co/5sHwGwWTww,2018-04-30 08:27:51
356,990870299561390081,#bitcoin $btc https://t.co/FwlCEVp8Xe,2018-04-30 08:27:43
357,990870296176611329,"RT @fixy_app: Don‚Äôt miss this one life time chance to be a part of cryptocurrency mass adoption movement.

If you wish to get to know more‚Ä¶",2018-04-30 08:27:42
358,990870295278956545,"RT @bethereumteam: Bit-by-bit we're going to announce what's coming next!
A lot of people already closely guessed it in our Telegram chat:‚Ä¶",2018-04-30 08:27:42
359,990870294142308352,"RT @RandolphMlny: #Bitcoin #Satoshi #Earn_Money #cryptocurrency #blockchain #Airdrop
New Airdrop #LBA üì¢

Libra Credit Get free #LBA Tokens‚Ä¶",2018-04-30 08:27:42
360,990870293349416961,"RT @InvestInBrokers: ü•á Rated 5/5 on @TrackICO ü•á 

https://t.co/YbY0MXonB8

#crypto #cryptocurrency #cryptonews #cryptocurrencynews #bitcoin‚Ä¶",2018-04-30 08:27:42
361,990870292284170240,"RT @__signals__: Target 4 reached on @signals_premium within 27 days ~82% profit #SirinLabs (#SRN) $SRN

Sign up to access all our trade si‚Ä¶",2018-04-30 08:27:41
362,990870272340299777,"RT @bethereumteam: BREAKING NEWS: #Bethereum pre-sale cap reached!
We're humbled by over 1300 early-adopters joining our family as official‚Ä¶",2018-04-30 08:27:37
363,990870271102930946,RT @ubcoin: üî• #Ubcoin Market team has prepared an analysis of main reasons why some governments fight against #bitcoin and #altcoins and wh‚Ä¶,2018-04-30 08:27:36
364,990870267521052672,"RT @adryenn: In 2010, the anti-secrecy organization known as WikiLeaks made hea https://t.co/ILxY6XjrpD #Cybersecurity #Bitcoin by #CyberDo‚Ä¶",2018-04-30 08:27:35
365,990870260696969222,"RT @ameero1: Blockchain is about transparency, openness and empowering people . What Pete @CryptoMedicated did was brave and the right thin‚Ä¶",2018-04-30 08:27:34
366,990870260432736256,"RT @betriumBets: Betrium as featured on Coinidol, making waves in the crypto-community! Betrium, The Future of Gambling.

https://t.co/vRHZ‚Ä¶",2018-04-30 08:27:34
367,990870250232008704,"#Airdrop 1.1 üç¨üç¨#10000 $ETR tokensÔºàvalue $100)Ôºâ will #airdrop  to whoever 
üìåsend 0.001eth to our
üìå smart contract be‚Ä¶ https://t.co/kTyuKmWynG",2018-04-30 08:27:31
368,990870246239154176,"RT @CryptOrca: ""Germany's VPE bank opens #Bitcoin and $crypto exchange for whales""
https://t.co/EJ6pNiF36S",2018-04-30 08:27:30
369,990870243244462080,RT @pokemongopkg: We are airdropping 10000 PokemonGo (PKG) Tokens! üöÄ Join our telegram group (https://t.co/kbitItPpFs) and retweet this twi‚Ä¶,2018-04-30 08:27:30
370,990870235589857280,"RT @tatianakoffman: Only 6% of crypto investors and users are women. Fellow females, don't miss this wave of wealth creation. Tell me what‚Ä¶",2018-04-30 08:27:28
371,990870233408851969,"RT @ArminVanBitcoin: The first ever solar #bitcoin mining farm to be built in Australia. ‚òÄÔ∏è

https://t.co/RAj8yUwphP",2018-04-30 08:27:27
372,990870230196015105,"#Bitcoin Update
Bearish scenario in play? Will we reach the 0.82 Fibonacci level?
#crypto $BTC #BTC https://t.co/5BiTcL4X7D",2018-04-30 08:27:27
373,990870227922534400,"RT @BTCTN: Bitcoin Cash Adoption Continues: Crypto Cafebar, Gold Vendor, Concealed-Carry Clothing https://t.co/hNsb2kmcfX #Bitcoin https://‚Ä¶",2018-04-30 08:27:26
374,990870225234022401,"RT @blockchainduo: Bitcoin Price Climbs to $9,200, Market Hits $420 Billion as Tokens Record Gains #bitcoin #crypto #blockchain https://t.c‚Ä¶",2018-04-30 08:27:25
375,990870223690477568,#Á¶Å„Éë„ÉÅ„É≥„Ç≥ #Á¶Å„Çπ„É≠„ÉÉ„Éà #„Éë„ÉÅ„É≥„Ç≥ #„Éë„ÉÅ„Çπ„É≠  #„Éì„ÉÉ„Éà„Ç≥„Ç§„É≥ #bitcoin #bitflyer #coincheck... https://t.co/gAA7ons0gb,2018-04-30 08:27:25
376,990870211162230784,RT @Toplumsal__A: #ƒ∞≈ü #business #jobs #sales #marketing #i≈ü√ßi #emek√ßi #Twitter #ƒ∞nstagram  #SocialMedia #Youtube‚Ä¶ https://t.co/DSpRNoyQIO,2018-04-30 08:27:22
377,990870209626976256,"the perfect solution for investing money, pay attention to an ambitious  project, it is worth your investment, join‚Ä¶ https://t.co/xmkd833Q3S",2018-04-30 08:27:22
378,990870208767250432,"RT @tihosay: REGISTER NOW ON THE WEBSITE! https://t.co/guLMSGZZn7 Starts in 7 days..

#tihosay #ICO #blockchain #Crypto #presale #PreICO #c‚Ä¶",2018-04-30 08:27:21
379,990870206284255233,RT @tvtwocom: The New Way to Watch TV üì∫ (Advisory Notes 1: Juan Manuel Almasque) https://t.co/mOUUDcUlo2 // #tvrevolution #crypto #cryptocu‚Ä¶,2018-04-30 08:27:21
380,990870204543451136,RT @Velox_Coin: Watch this space! Another #velox distribution sale is coming soon... More information will be announced on our social chann‚Ä¶,2018-04-30 08:27:20
381,990870200084987904,"RT @WhatsNewCrypto: –í–æ—Ç –æ–Ω–æ —á—Ç–æ.. –æ–¥–Ω–∞–∫–æ —Å–∏–ª—å–Ω–∞—è –∫–æ—Ä—Ä–µ–∫—Ü–∏—è –≤—ã—à–ª–∞. –£–∂–µ —Ç–∞–∫ —Å–∏–ª—å–Ω–æ –ø—Ä–∏–≤—ã–∫ –∫ —Ä–æ—Å—Ç—É, —á—Ç–æ –ø–µ—Ä–µ—Å—Ç–∞–ª —á–µ–∫–∞—Ç—å –∫—É—Ä—Å—ã –≤–∞–ª—é—Ç (–¥–∞-–¥–∞, –Ω–µ‚Ä¶",2018-04-30 08:27:19
382,990870197811798016,"- Promoted:  Helbiz, Blockchain and the New Future of Mobility in #Bitcoin Magazine
https://t.co/hPaz00WXm5",2018-04-30 08:27:19
383,990870180699037697,BitPrice - Current #BitCoin price by one click - #Google #Chrome Extension - https://t.co/BdlBn71DXM - https://t.co/TYWtzD1vz1 #data_center,2018-04-30 08:27:15
384,990870180354867200,"RT @tatianakoffman: Only 6% of crypto investors and users are women. Fellow females, don't miss this wave of wealth creation. Tell me what‚Ä¶",2018-04-30 08:27:15
385,990870179327369216,"RT @bitcoinbrosio: Well I hope you all had a good weekend, we took some nice profits from #TRXÊïôÂõ£ #TRX #ZRX and #VEN and sit on the sideline‚Ä¶",2018-04-30 08:27:14
386,990870176504655872,RT @KoronaCoin: #koronacoin #bitcoin #ethereum #blockchain #ICO #bountyhunters https://t.co/5sHwGwWTww,2018-04-30 08:27:14
387,990870174944423937,RT @Quarteria_io: Our Platform reviewed by CryptoBud today in regards to its use case in the crypto industry https://t.co/w7yTJJi5yO #crypt‚Ä¶,2018-04-30 08:27:13
388,990870163837931522,RT @whaleclubco: ETH Bulls Trying to Keep 4 Hour Control #bitcoin ¬∑ Trade $ETHUSD with up to 5x leverage: https://t.co/RWPIVBvgCN https://t‚Ä¶,2018-04-30 08:27:11
389,990870161287770112,RT @thecryptoruin: Cardano Price Technical Analysis ‚Äì ADA/USD Surging Higher https://t.co/p7xSwjylyz #cryptoruin #cryptocurrency #bitcoin #‚Ä¶,2018-04-30 08:27:10
390,990870157353455616,"RT @bitcoinus_io: BE FAST!

Get your 15% OFF on the very last BITS tokens!

#Bitcoinus #cryptoprocessing #onlinepayments #ICO #crypto #cryp‚Ä¶",2018-04-30 08:27:09
391,990870157059870720,RT @pokemongopkg: We are airdropping 10000 PokemonGo (PKG) Tokens! üöÄ Join our telegram group (https://t.co/kbitItPpFs) and retweet this twi‚Ä¶,2018-04-30 08:27:09
392,990870155654610945,"RT @Etherjoy1: 5 Million AirdropÔºÅ Just few clicks worth $5 reward! 
Click: https://t.co/puSCbl0VSK     
500 Ejoys sent to your ETH addressÔºÅ‚Ä¶",2018-04-30 08:27:09
393,990870154836770816,"RT @tatianakoffman: Only 6% of crypto investors and users are women. Fellow females, don't miss this wave of wealth creation. Tell me what‚Ä¶",2018-04-30 08:27:09
394,990870145441648640,"RT @WorldBitBank: Lets start Monday with some good news‚ÄºÔ∏è
Not every one knows that we accept payments in #bitcoin. Here is an instruction f‚Ä¶",2018-04-30 08:27:06
395,990870142757224448,"RT @investaco_uk: Investa Products - Cards https://t.co/0kdG8I87yr 

#teaminvesta #investa #bitcoin #blockchain #crypto #cryptocurrency #bi‚Ä¶",2018-04-30 08:27:06
396,990870140295278593,"RT @ICOsprintx: More
üî•WARNING ‚è∞time is running out to get whitelisted! Don't miss out the opportunity to join our Pre-Sale Phase2 in just 4‚Ä¶",2018-04-30 08:27:05
397,990870138814681088,"RT @RandolphMlny: #Bitcoin #Satoshi #Earn_Money #cryptocurrency #blockchain #Airdrop
New Airdrop #Guarium üì¢

Guarium Blockchain online sale‚Ä¶",2018-04-30 08:27:05
398,990870134339391489,"RT @TheCurrencyA: New post: DIW Official ICO is launching on May the 3rd ‚Äì You can‚Äôt miss it! https://t.co/yatA1KQA51 

#cryptocurrency #to‚Ä¶",2018-04-30 08:27:04
399,990870115871752196,"This year's most anticipated highlights of @RealSmartAfrica, is the Exhibition where 100+world exhibitors culminati‚Ä¶ https://t.co/TJXIqVPnZR",2018-04-30 08:26:59
400,990870109702053888,"RT @npquarterly: RT @CDW_Nonprofit: You may have heard the #bitcoin buzz, but did you know that #nonprofits received &gt;$100 million in #cryp‚Ä¶",2018-04-30 08:26:58
401,990870109081231361,RT @fixy_app: Fixy app has come to change this situation by efficiently facilitating the use and application of the cryptocurrenty and bloc‚Ä¶,2018-04-30 08:26:58
402,990870108699443201,"RT @decoin_io: What is DECOIN (DTEP)? https://t.co/CGe4AMPpF0
The First POS Cryptocurrency, Sharing Profits With Holders 
Pre ICO starts 23‚Ä¶",2018-04-30 08:26:58
403,990870101942591489,RT @KoronaCoin: #koronacoin #bitcoin #ethereum #blockchain #ICO #bountyhunters https://t.co/5sHwGwWTww,2018-04-30 08:26:56
404,990870095168786433,"RT @blockchainduo: Bitcoin Price Climbs to $9,200, Market Hits $420 Billion as Tokens Record Gains #bitcoin #crypto #blockchain https://t.c‚Ä¶",2018-04-30 08:26:54
405,990870093390336001,RT @earthtokens: Darling Brew Partners with impactChoice to become Africa‚Äôs First Carbon Neutral Brewery https://t.co/ZGemLNa2HF #earth2moo‚Ä¶,2018-04-30 08:26:54
406,990870074620755968,RT @Quarteria_io: Find out how to contribute to our #Quarteria #ICO on @Medium https://t.co/y5EmzTpHFj #crypto #realestate #neo #blockchain‚Ä¶,2018-04-30 08:26:49
407,990870064328073216,"RT @WorldBitBank: Lets start Monday with some good news‚ÄºÔ∏è
Not every one knows that we accept payments in #bitcoin. Here is an instruction f‚Ä¶",2018-04-30 08:26:47
408,990870063816282112,"RT @ameero1: Blockchain is about transparency, openness and empowering people . What Pete @CryptoMedicated did was brave and the right thin‚Ä¶",2018-04-30 08:26:47
409,990870044568514560,"RT @poolyapool: 0% fee on https://t.co/3JhoPSiYoa until we reach 1000 miners!

Earn 1 LTC sharing this tweet and following us. We will raff‚Ä¶",2018-04-30 08:26:42
410,990870043696099328,"RT @litrabit: 2 years benefits for Private Sale Investors
- 10% discount on buying our token from our Litrabit App.
- Profit of 20% ratio o‚Ä¶",2018-04-30 08:26:42
411,990870042953900032,"Bitcoin Price Corrects to $9,200 while EOS Drops 15%, Market Moves Toward $430 Billion - @Cryptocoinsnsews‚Ä¶ https://t.co/Qjwb2G3LCj",2018-04-30 08:26:42
412,990870031805251584,"RT @BitsparkLtd: ""Bitshares is superior to Bitcoin for payments due to what is needed in cracking the remittance industry with blockchain.""‚Ä¶",2018-04-30 08:26:39
413,990870030261850112,"RT @ROOMDAOICO: STOP CORRUPTION AT ICO LISTING SITES !!!!
#ico #corruption #bitcoin #crypto #listing #etherium #blockchain #startups https:‚Ä¶",2018-04-30 08:26:39
414,990870024586870785,https://t.co/SYLTBtqLdb https://t.co/rRo8ojwseI  #Crypto #Blockchain # #databrokerdao  #data #sensordata #localdata‚Ä¶ https://t.co/AOMh57V0vX,2018-04-30 08:26:37
415,990870010447867905,"RT @tatianakoffman: Only 6% of crypto investors and users are women. Fellow females, don't miss this wave of wealth creation. Tell me what‚Ä¶",2018-04-30 08:26:34
416,990870005167345664,RT @DaveSimonoff: As usual on sunday we may see #Bitcoin drop (probably to 8800) careful with #alts üòâüëÄ #btc #crypto  #cryptotrading $btc ht‚Ä¶,2018-04-30 08:26:33
417,990870003992924161,RT @bitrewards: Chinese #bitcoin miners were arrested for power theft. #crypto #cryptomemes #cryptonews #cryptocurrency #bitmemes #bitrewar‚Ä¶,2018-04-30 08:26:33
418,990870002898227200,RT @DaveSimonoff: As usual on sunday we may see #Bitcoin drop (probably to 8800) careful with #alts üòâüëÄ #btc #crypto  #cryptotrading $btc ht‚Ä¶,2018-04-30 08:26:32
419,990870002264920064,RT @DaveSimonoff: As usual on sunday we may see #Bitcoin drop (probably to 8800) careful with #alts üòâüëÄ #btc #crypto  #cryptotrading $btc ht‚Ä¶,2018-04-30 08:26:32
420,990870001597997056,RT @DaveSimonoff: As usual on sunday we may see #Bitcoin drop (probably to 8800) careful with #alts üòâüëÄ #btc #crypto  #cryptotrading $btc ht‚Ä¶,2018-04-30 08:26:32
421,990869999681265664,RT @DaveSimonoff: As usual on sunday we may see #Bitcoin drop (probably to 8800) careful with #alts üòâüëÄ #btc #crypto  #cryptotrading $btc ht‚Ä¶,2018-04-30 08:26:32
422,990869999668645888,RT @DaveSimonoff: As usual on sunday we may see #Bitcoin drop (probably to 8800) careful with #alts üòâüëÄ #btc #crypto  #cryptotrading $btc ht‚Ä¶,2018-04-30 08:26:32
423,990869999433781248,RT @NimbusToken: @NimbusToken A platform for selling and bartering goods and services via cryptocurrency and the blockchain. https://t.co/u‚Ä¶,2018-04-30 08:26:31
424,990869999396016129,RT @DaveSimonoff: As usual on sunday we may see #Bitcoin drop (probably to 8800) careful with #alts üòâüëÄ #btc #crypto  #cryptotrading $btc ht‚Ä¶,2018-04-30 08:26:31
425,990869997936398336,RT @DaveSimonoff: As usual on sunday we may see #Bitcoin drop (probably to 8800) careful with #alts üòâüëÄ #btc #crypto  #cryptotrading $btc ht‚Ä¶,2018-04-30 08:26:31
426,990869980643254272,"RT @RandolphMlny: #Bitcoin #Satoshi #Earn_Money #cryptocurrency #blockchain #Airdrop
New Airdrop #LoanDex üì¢

LoanDex is airdropping 250 #LD‚Ä¶",2018-04-30 08:26:27
427,990869969528238081,#INGOTCOIN. #Invest #Crowdfunding #ICExchange #TokenSale #ICBrokerage #BridgingMarkets #Ethereum #ICO #Bitcoin‚Ä¶ https://t.co/pL9dB0X2Hs,2018-04-30 08:26:24
428,990869966474940416,"RT @murthaburke: Xbox One S 1TB Console ‚Äì Minecraft Limited Edition Bundle + Free Pig Controller &amp; Game! 
https://t.co/hdzUmE7aMI
#blockcha‚Ä¶",2018-04-30 08:26:24
429,990869956597309441,"Technology and Choice #33, The Meritocracy Chronicle (Log 1, Entry 1) https://t.co/vp3qorIppC #LetsTalkBitcoin #Bitcoin",2018-04-30 08:26:21
430,990869952893767680,"RT @hashcard: https://t.co/y31VEcSZOx

#ico #cryptocard #btccard #bitcoincard #hashcard #icos #bitcoin #cryptocurrency  #blockchain #blockc‚Ä¶",2018-04-30 08:26:20
431,990869949047422976,"RT @litrabit: 2 years benefits for Private Sale Investors
- 10% discount on buying our token from our Litrabit App.
- Profit of 20% ratio o‚Ä¶",2018-04-30 08:26:19
432,990869937681043456,Romanian Institute of Nuclear Physics Computers Used to Mine Monero https://t.co/ox7VHUAc4U #bitcoin #hodl,2018-04-30 08:26:17
433,990869936603123712,"RT @SilverBulletBTC: $BTC 1H ‚ö†Ô∏è
It seems we are breaking the uptrend line.
Watching it closely...
#bitcoin #crypto https://t.co/SpREAXBR8I",2018-04-30 08:26:17
434,990869933666877440,"RT @poolyapool: 0% fee on https://t.co/3JhoPSiYoa until we reach 1000 miners!

Earn 1 LTC sharing this tweet and following us. We will raff‚Ä¶",2018-04-30 08:26:16
435,990869932756946944,"Introducing SLATE: The Entertainment Currency - https://t.co/bz6OVL6dfC
Advertise #ICO https://t.co/89O4ciDsi7‚Ä¶ https://t.co/0ABYCCZQhn",2018-04-30 08:26:16
436,990869932626923520,"RT @ROOMDAOICO: STOP CORRUPTION AT ICO LISTING SITES !!!!
#ico #corruption #bitcoin #crypto #listing #etherium #blockchain #startups https:‚Ä¶",2018-04-30 08:26:16
437,990869927212011520,"RT @ROOMDAOICO: STOP CORRUPTION AT ICO LISTING SITES !!!!
#ico #corruption #bitcoin #crypto #listing #etherium #blockchain #startups https:‚Ä¶",2018-04-30 08:26:14
438,990869917887938560,"Last hours of the PRE-ICO 
Don't miss the chance to Join!
üî•15% BONUS !

#ParkresICO @ParkresICO #cryptocurrency‚Ä¶ https://t.co/AMzOtaQdzz",2018-04-30 08:26:12
439,990869908685602818,"RT @Hotel_Coin: What was your impression on our yesterday's video, where we took you for an #adventure inside of our #ParadiseHotel üè®üèù Did‚Ä¶",2018-04-30 08:26:10
440,990869904273403906,"RT @fixy_app: Don‚Äôt miss this one life time chance to be a part of cryptocurrency mass adoption movement.

If you wish to get to know more‚Ä¶",2018-04-30 08:26:09
441,990869901744095232,RT @KoronaCoin: #koronacoin #bitcoin #ethereum #blockchain #ICO #bountyhunters https://t.co/5sHwGwWTww,2018-04-30 08:26:08
442,990869900712448000,RT @whaleclubco: ETH Bulls Trying to Keep 4 Hour Control #bitcoin ¬∑ Trade $ETHUSD with up to 5x leverage: https://t.co/RWPIVBvgCN https://t‚Ä¶,2018-04-30 08:26:08
443,990869898548072448,"RT @PlazaSystems: @PlazaSystems‚Äô FAST &amp; EFFICIENT #MerchantChain #DLT has been raising eyebrows; thanks to the awesome AURA, the ""perpetual‚Ä¶",2018-04-30 08:26:07
444,990869890646102016,RT @DaveSimonoff: As usual on sunday we may see #Bitcoin drop (probably to 8800) careful with #alts üòâüëÄ #btc #crypto  #cryptotrading $btc ht‚Ä¶,2018-04-30 08:26:06
445,990869890612506624,RT @DaveSimonoff: As usual on sunday we may see #Bitcoin drop (probably to 8800) careful with #alts üòâüëÄ #btc #crypto  #cryptotrading $btc ht‚Ä¶,2018-04-30 08:26:06
446,990869888532172800,RT @pokemongopkg: We are airdropping 10000 PokemonGo (PKG) Tokens! üöÄ Join our telegram group (https://t.co/kbitItPpFs) and retweet this twi‚Ä¶,2018-04-30 08:26:05
447,990869878239367168,7530.2 Eur | -1.24% ‚Üò  | Kraken | 30/04/18 10:26 #Bitcoin #Kraken #BTCEUR,2018-04-30 08:26:03
448,990869878033838080,Cardano Price Technical Analysis ‚Äì ADA/USD Surging Higher https://t.co/p7xSwjylyz #cryptoruin #cryptocurrency‚Ä¶ https://t.co/14ZaPd3Ezm,2018-04-30 08:26:03
449,990869871155073024,"RT @meeDamian: Every time I pay with #LN ‚ö°Ô∏è I experience the same moment of ave, I experienced with my first #Bitcoin transactions years ag‚Ä¶",2018-04-30 08:26:01
450,990869864859488256,"RT @covexcoin: The @covexcoin Bounty Program for telegram, twitter, and Facebook will end on April 30th, although the creative portion of b‚Ä¶",2018-04-30 08:25:59
451,990869862649073664,"RT @seraphcoin: Seraph is now listed at Coinlib  @coinlibio 

Seraph [SERA] historic and live price charts from all exchanges. Find all rel‚Ä¶",2018-04-30 08:25:59
452,990869859348205568,RT @ImpressioLTD: Impressio would like to remind all French investors that all cryptocurrency gains in the country will now be considered c‚Ä¶,2018-04-30 08:25:58
453,990869849227317249,"RT @NITROVERGE: UPDATE #Verge:
Big picture

#vergecurrency #XVG #NextBitcoin #privacy #VergeFam #VergeArmy #Bitcoin #btc #cryptocurrency ht‚Ä¶",2018-04-30 08:25:56
454,990869842046652416,"RT @thefoxbot_com: Hey #bitcoin,

Did you know?

Our #blockchain scanners are indicating the beginning stages of something momentous approa‚Ä¶",2018-04-30 08:25:54
455,990869839559393280,"RT @Peurtoken: https://t.co/oXIXJbYU9R marketplace changes the world for merchants.

#peur #cryptocurrency #bitcoin #dash #litecoin #ethere‚Ä¶",2018-04-30 08:25:53
456,990869818533470209,"Ethereum may Rise to $2,500 and have a Record-Setting in 2018 Predicts Financial Adviser

To read more latest news‚Ä¶ https://t.co/14EfhPyYnO",2018-04-30 08:25:48
457,990869817715544064,#XYO #geolocation #Crypto #Blockchain  #ether #ethereum #bitcoin #cryptocurrency  #ICO  #tokensale‚Ä¶ https://t.co/tt9QJfsAN8,2018-04-30 08:25:48
458,990869811226914816,"RT @bitcoinus_io: BE FAST!

Get your 15% OFF on the very last BITS tokens!

#Bitcoinus #cryptoprocessing #onlinepayments #ICO #crypto #cryp‚Ä¶",2018-04-30 08:25:47
459,990869805535182848,"RT @murthaburke: Xbox One S 1TB Console ‚Äì Minecraft Limited Edition Bundle + Free Pig Controller &amp; Game! 
https://t.co/hdzUmE7aMI
#blockcha‚Ä¶",2018-04-30 08:25:45
460,990869805518544897,"RT @OPCoin_official: 6th most traded coin on #Cryptopia, over 50 BTC in volume.
üõ´‚úàÔ∏è

Great signals of real interest!
#OPC #OPCX #cryptocurr‚Ä¶",2018-04-30 08:25:45
461,990869785956179968,"RT @RandolphMlny: #Bitcoin #cryptocurrency #Airdrop
New Airdrop #PokemonGo üì¢

PokemonGo Airdrop - 10000 #PKG TokensüéÅüí∞üíé

Click here : https:‚Ä¶",2018-04-30 08:25:41
462,990869785188630528,UNICEF Refers To The Production Of Cryptocurrency For The Collection Of‚Ä¶ https://t.co/LHsaknunGG #Bitcoin #news,2018-04-30 08:25:40
463,990869785159327744,"RT @NimbusToken: This new, radically disruptive idea opens up vast sectors of the economy to tokenization and blockchain technology. @Nimbu‚Ä¶",2018-04-30 08:25:40
464,990869781304750080,RT @bitrewards: #Bitcoin Is A Scam! claimed Bill Harris - the ousted CEO of PayPal #crypto #cryptocurrency #cryptonews #cryptocurrencynews‚Ä¶,2018-04-30 08:25:39
465,990869775319384064,"RT @FairNinja: Honest/Fair Abe said it best:  ""If I had 6 hours to chop down a tree, I will spend the first 4 hours sharpening the axe."" #f‚Ä¶",2018-04-30 08:25:38
466,990869771401936896,"RT @ayavyzfCnQhSrWS: GWÁâπÂà•„Éó„É¨„Çº„É≥„Éà‰ºÅÁîªÔºÅ

„Åæ„Åü„Åæ„Åü100LISK„Éó„É¨„Çº„É≥„ÉàËá¥„Åó„Åæ„Åô„ÄÇ

„Éó„É©„ÉÉ„Éà„Éï„Ç©„Éº„É†Âûã„ÅØ„Åì„ÅÆÂÖàÁµ∂ÂØæ„Å´‰º∏„Å≥„Åæ„ÅôÔºÅÔºÅ

ÂøúÂãüÊñπÊ≥ï
„Éï„Ç©„É≠„Éº&amp;RTÔºÅ

ÊäΩÈÅ∏ÊñπÊ≥ï
ÂΩìÈÅ∏„Åó„ÅüÊñπDMËá¥„Åó„Åæ„Åô„ÄÇ

5Êúà6Êó•„Åæ„Åß

#„Éó„É¨„Çº„É≥„Éà‰ºÅÁîª #‰ªÆÊÉ≥ÈÄöË≤®‚Ä¶",2018-04-30 08:25:37
467,990869761650081792,RT @news_mainstream: A POS Technology Exchange ‚Äì Making a Revolution https://t.co/BhEXukcyu8 #blockchain #cryptocurrency #crypto #bitcoin #‚Ä¶,2018-04-30 08:25:35
468,990869747188154369,"RT @news_mainstream: Litecoin Exploring a Bank Purchase, Buterin Disses Tron: Best of the Week https://t.co/KRvuUpxmDd  #blockchain #crypto‚Ä¶",2018-04-30 08:25:31
469,990869745967611904,"RT @HillebrandMax: You can get your country out of #Bitcoin.
But you can not get #Bitcoin out of your country.
 ~  @aantonop",2018-04-30 08:25:31
470,990869745934139392,Earn bitcoins for clicking ads https://t.co/g9kbiaz8g2 #bitcoin v√≠a @BTCClicks,2018-04-30 08:25:31
471,990869734680875008,"RT @bigpumpgroupcom: I will choose 20 random followers to win 0.05 ETH

Please:

1. Must join https://t.co/Ob33oKZ34p
2. LIKE AND RETWEET‚Ä¶",2018-04-30 08:25:28
472,990869732973686785,"Ë®Ä„ÅÑÂàá„ÇãÁô∫Ë®Ä„ÅåÂÉï„Çâ„ÇíÂº∑„Åè„Åó„Åæ„Åô„ÄÇ
‰æã„Åà„Å∞‰∏∏„ÄÖ„Çí„Åô„Çã„Å®„Åã„Åó„Åü„Å®„Åã‚Ä¶
ÊôÆÊÆµ„Åã„ÇâË®Ä„ÅÑÂàá„ÇãÁô∫Ë®Ä„ÇíÊÑèË≠ò„Åó„Å¶„Åø„Åæ„Åó„Çá„ÅÜ„ÄÇ

#Âç†„ÅÑ„ÄÅ#„Éì„ÉÉ„Éà„Ç≥„Ç§„É≥„ÄÅ#Bitcoin„ÄÅ#„Çø„É≠„ÉÉ„Éà„ÄÅ#Êï∞ÁßòË°ì„ÄÅ#„Çπ„Éà„É¨„Çπ„ÄÅ#„Éì„Ç∏„Éç„Çπ„ÄÅ#Ëµ∑Ê•≠„ÄÅ#Áã¨Á´ã",2018-04-30 08:25:28
473,990869702938329088,RT @RLTYtoken: How to Purchase SMARTRealty Tokens: https://t.co/TVFfPZQ8iD #crypto #ico #bitcoin #ethereum,2018-04-30 08:25:21
474,990869669681614848,Join BBNcoin #Airdrop. I literally just made 50 BBNcoin (BBN) by Retweeting this üòäAnd so can you üëâ‚Ä¶ https://t.co/XVqu1ND1Oo,2018-04-30 08:25:13
475,990869668645752832,"RT @WealthE_Coin: Have you ever had the question ‚ÄúWhat is Bitcoin?‚Äù...check out this video #Bitcoin #blockchain #WealthMigrate #WealthE 
ht‚Ä¶",2018-04-30 08:25:13
476,990869661779746816,"RT @hashcard: HASHCARD CFO Pawel Goch Just as with Mastercard-issued Plastic Card

The first batch of cards will be shipped on May 15th 201‚Ä¶",2018-04-30 08:25:11
477,990869648181735424,Last chance to take part in our 5000 ETH Giveaway promotion! We have added 3000 more ETH https://t.co/NnBM7yndgt #ethereum #bitcoin,2018-04-30 08:25:08
478,990869642791927808,"RT @WorldBitBank: Lets start Monday with some good news‚ÄºÔ∏è
Not every one knows that we accept payments in #bitcoin. Here is an instruction f‚Ä¶",2018-04-30 08:25:06
479,990869640179011585,Last chance to take part in our 5000 ETH Giveaway promotion! We have added 3000 more ETH https://t.co/78ARUstpHn #ethereum #bitcoin,2018-04-30 08:25:06
480,990869632528633856,Last chance to take part in our 5000 ETH Giveaway promotion! We have added 3000 more ETH https://t.co/cKCNnlMavj #ethereum #bitcoin,2018-04-30 08:25:04
481,990869629131149313,"RT @__signals__: Target 3 reached on @signals_premium within 23 days ~36% profit #IOS token (#IOST) $IOST

Sign up to access all our trade‚Ä¶",2018-04-30 08:25:03
482,990869627650609153,"RT @ImpressioLTD: Did you know that Twitter co-founder and CEO, @jack, believes that the world, and internet, will eventually have a ‚Äúsingl‚Ä¶",2018-04-30 08:25:03
483,990869626400620544,"RT @__signals__: Target 3 reached on @signals_premium within 23 days ~36% profit #IOS token (#IOST) $IOST

Sign up to access all our trade‚Ä¶",2018-04-30 08:25:03
484,990869615399133185,How the technology behind #Bitcoin could change the music industry https://t.co/yc3uAHN9cR,2018-04-30 08:25:00
485,990869609598287872,RT @SocialWalletInc: We must go back- to the Future! #Blockchain #Bitcoin #btc #Ethereum #eth #litecoin #ltc #blockchaintechnology #technol‚Ä¶,2018-04-30 08:24:59
486,990869600152834048,RT @ubcoin: üî• #Ubcoin Market team has prepared an analysis of main reasons why some governments fight against #bitcoin and #altcoins and wh‚Ä¶,2018-04-30 08:24:56
487,990869598714155008,RT @RLTYtoken: How to Purchase SMARTRealty Tokens: https://t.co/TVFfPZQ8iD #crypto #ico #bitcoin #ethereum,2018-04-30 08:24:56
488,990869583253921792,"RT @RandolphMlny: #Bitcoin #Satoshi #cryptocurrency #blockchain #Airdrop
New Airdrop #WLS üì¢

WestLand Storage

Join Now and get 100 #WLS To‚Ä¶",2018-04-30 08:24:52
489,990869566707220481,"#GlobalREIT. #BlockchainBasedREIT #Ethereum #ICO #Bitcoin #cryptocurrency #TokenSale

https://t.co/9NYWc5RLeH‚Ä¶ https://t.co/q6Mo5vDj88",2018-04-30 08:24:48
490,990869545148559360,"RT @__signals__: Target 4 reached on @signals_premium within 67 days ~56% profit #0x (#ZRX) $ZRX

Sign up to access all our trade signals -‚Ä¶",2018-04-30 08:24:43
491,990869541969375234,#ƒ∞≈ü #business #jobs #sales #marketing #i≈ü√ßi #emek√ßi #Twitter #ƒ∞nstagram  #SocialMedia #Youtube #Scope  #Facebook‚Ä¶ https://t.co/fzYKuosjlP,2018-04-30 08:24:42
492,990869535266816001,RT @ubcoin: üî• #Ubcoin Market team has prepared an analysis of main reasons why some governments fight against #bitcoin and #altcoins and wh‚Ä¶,2018-04-30 08:24:41
493,990869533094285312,"RT @HodlShark: Retweet this for a chance to win $100 of DEED The Deedcoin! token sale starts on 30th april, reserve your space now! 
https:‚Ä¶",2018-04-30 08:24:40
494,990869532355932160,RT @elyssanlol: #NavCoin is developing the best decentralized Community Fund to date! Coming Soon (80% finished)! Read more at https://t.co‚Ä¶,2018-04-30 08:24:40
495,990869531785510913,RT @KoronaCoin: #koronacoin #bitcoin #ethereum #blockchain #ICO #bountyhunters https://t.co/5sHwGwWTww,2018-04-30 08:24:40
496,990869531093536768,"RT @murthaburke: Xbox One S 1TB Console ‚Äì Minecraft Limited Edition Bundle + Free Pig Controller &amp; Game! 
https://t.co/hdzUmE7aMI
#blockcha‚Ä¶",2018-04-30 08:24:40
497,990869529143242753,RT @pokemongopkg: We are airdropping 10000 PokemonGo (PKG) Tokens! üöÄ Join our telegram group (https://t.co/kbitItPpFs) and retweet this twi‚Ä¶,2018-04-30 08:24:39
498,990869528690200577,"RT @ROOMDAOICO: STOP CORRUPTION AT ICO LISTING SITES !!!!
#ico #corruption #bitcoin #crypto #listing #etherium #blockchain #startups https:‚Ä¶",2018-04-30 08:24:39
499,990869528371499008,"RT @tatianakoffman: Only 6% of crypto investors and users are women. Fellow females, don't miss this wave of wealth creation. Tell me what‚Ä¶",2018-04-30 08:24:39
