tweet id,tweet_text,Time
9.92E+17,"RT @tihosay: Tihosay Pre-ICO will begin April 15th,2018 at 10:00:00 UTC.

https://t.co/guLMSGZZn7
https://t.co/ZSQarBXSSy

#tihosay #ICO #b‚Ä¶",2018-05-03 22:05:00
9.92E+17,"RT @tihosay: Pre - ICO will begin April 15th, 2018 at 10:00 UTC.

https://t.co/guLMSGZZn7
https://t.co/ZSQarBXSSy

#tihosay #ICO #blockchai‚Ä¶",2018-05-03 20:14:00
9.92E+17,"RT @tihosay: üöÄ Pre-ICO will begin April 15th, 2018 at 10:00 UTC. 40% BONUS üöÄ

Register now: https://t.co/mlPm5M2fgm
Join our Telegram commu‚Ä¶",2018-05-03 18:21:00
9.92E+17,"RT @tihosay: üöÄ Starts in 4 days.. Pre-ICO will begin April 15th, 2018 at 10:00 UTC. 40% BONUS üöÄ

Register now: https://t.co/gS31OE4gss

#ti‚Ä¶",2018-05-03 18:13:00
9.92E+17,"RT @PEP_Network: üî•Only 3 days leftüî•
üîîWe want to announce that the Next AMA (Ask Me Anything) session will be organized at 10:30 UTC (which‚Ä¶",2018-05-03 17:26:00
9.92E+17,"RT @PEP_Network: üî•Only 3 days leftüî•
üîîWe want to announce that the Next AMA (Ask Me Anything) session will be organized at 10:30 UTC (which‚Ä¶",2018-05-03 17:18:00
9.92E+17,"#crypto price changes last 4 hours

üöÄ
$GLD +30.65%
$DCT +11.88%
$BRX +10.59%

üåßÔ∏è
$BRK -7.37%
$GNT -6.16%
$DOGE -3.0‚Ä¶ https://t.co/PzZ9667x7H",2018-05-03 16:47:00
9.92E+17,"RT @tihosay: Tihosay Pre-ICO will begin April 15th,2018 at 10:00:00 UTC.

https://t.co/guLMSGZZn7
https://t.co/ZSQarBXSSy

#tihosay #ICO #b‚Ä¶",2018-05-03 16:40:00
9.92E+17,"RT @tihosay: üöÄ Pre-ICO will begin April 15th, 2018 at 10:00 UTC üöÄ
Register now: https://t.co/WvI1G4dfZC

#tihosay #ICO #blockchain #Crypto‚Ä¶",2018-05-03 16:40:00
9.92E+17,"RT @PEP_Network: üî•Only 3 days leftüî•
üîîWe want to announce that the Next AMA (Ask Me Anything) session will be organized at 10:30 UTC (which‚Ä¶",2018-05-03 14:50:00
9.92E+17,‚¨Ü +10 IOTA Snatches Ninth Place from TRON and Approaches $3.00 https://t.co/mJokBfCNCK $MIOTA #iota $TRX #tron #cryptocurrency,2018-05-03 14:19:00
9.92E+17,#cryptocurrency #bitcoin up this morning $BTC 9424.00 at 10:00 EDT #Crypto #CryptoNews #markets #economy,2018-05-03 14:02:00
9.92E+17,RT @litenettcom: With an audience of 10 million per month (120 million per year) at a rate of ‚Ç¨ 3.0 per user - the profit will be ‚Ç¨ 360 000‚Ä¶,2018-05-03 13:56:00
9.92E+17,RT @litenettcom: With an audience of 10 million per month (120 million per year) at a rate of ‚Ç¨ 3.0 per user - the profit will be ‚Ç¨ 360 000‚Ä¶,2018-05-03 13:52:00
9.92E+17,"RT @tihosay: üöÄ Starts in 4 days.. Pre-ICO will begin April 15th, 2018 at 10:00 UTC. 40% BONUS üöÄ

Register now: https://t.co/gS31OE4gss

#ti‚Ä¶",2018-05-03 13:23:00
9.92E+17,"RT @airdropworlds: Airdrop 5000 people can get $10,00,000 worth of btcp
Crowdsale price is $0.12
‚úîÔ∏è Like and follow 
‚úîÔ∏è Retweet. Tag 5 your‚Ä¶",2018-05-03 12:02:00
9.92E+17,"RT @tihosay: Pre - ICO will begin April 15th, 2018 at 10:00 UTC.

https://t.co/guLMSGZZn7
https://t.co/ZSQarBXSSy

#tihosay #ICO #blockchai‚Ä¶",2018-05-03 11:57:00
9.92E+17,"RT @tihosay: Pre - ICO will begin April 15th, 2018 at 10:00 UTC.

https://t.co/guLMSGZZn7
https://t.co/ZSQarBXSSy

#tihosay #ICO #blockchai‚Ä¶",2018-05-03 11:53:00
9.92E+17,"RT @tihosay: üöÄ Starts in 4 days.. Pre-ICO will begin April 15th, 2018 at 10:00 UTC. 40% BONUS üöÄ

Register now: https://t.co/gS31OE4gss

#ti‚Ä¶",2018-05-03 10:25:00
9.92E+17,"RT @tihosay: Pre - ICO will begin April 15th, 2018 at 10:00 UTC.

https://t.co/guLMSGZZn7
https://t.co/ZSQarBXSSy

#tihosay #ICO #blockchai‚Ä¶",2018-05-03 10:23:00
9.92E+17,Crowdsale Phase 1 will begin in 5hours. Start 00:00 GMT+10 (Australia). Have you already monetize your investment?‚Ä¶ https://t.co/VoPtjoIor0,2018-05-03 10:15:00
9.92E+17,"RT @tihosay: üöÄ Pre-ICO will begin April 15th, 2018 at 10:00 UTC üöÄ
Register now: https://t.co/WvI1G4dfZC

#tihosay #ICO #blockchain #Crypto‚Ä¶",2018-05-03 09:09:00
9.92E+17,"RT @tihosay: Pre - ICO will begin April 15th, 2018 at 10:00 UTC.

https://t.co/guLMSGZZn7
https://t.co/ZSQarBXSSy

#tihosay #ICO #blockchai‚Ä¶",2018-05-03 08:53:00
9.92E+17,"RT @tihosay: Pre - ICO will begin April 15th, 2018 at 10:00 UTC.

https://t.co/guLMSGZZn7
https://t.co/ZSQarBXSSy

#tihosay #ICO #blockchai‚Ä¶",2018-05-03 07:37:00
9.92E+17,"RT @tihosay: üöÄ Starts in 4 days.. Pre-ICO will begin April 15th, 2018 at 10:00 UTC. 40% BONUS üöÄ

Register now: https://t.co/gS31OE4gss

#ti‚Ä¶",2018-05-03 07:23:00
9.92E+17,"#Cryptos: 

#BTC 9252.40$ | 7739.73‚Ç¨
#XRP 0.86$ | 0.72‚Ç¨
#ETH 722.05$ | 604.00‚Ç¨
#LTC 153.13$ | 128.10‚Ç¨
#DASH 491.47$‚Ä¶ https://t.co/l0AkYeSVO4",2018-05-03 05:43:00
9.92E+17,"RT @tihosay: Tihosay Pre-ICO will begin April 15th,2018 at 10:00:00 UTC.

https://t.co/guLMSGZZn7
https://t.co/ZSQarBXSSy

#tihosay #ICO #b‚Ä¶",2018-05-03 05:19:00
9.92E+17,"#Cryptos: 

#BTC 9270.10$ | 7754.53‚Ç¨
#XRP 0.87$ | 0.73‚Ç¨
#ETH 724.83$ | 606.33‚Ç¨
#LTC 154.06$ | 128.87‚Ç¨
#DASH 486.54$‚Ä¶ https://t.co/3LICJSb7Ss",2018-05-03 04:28:00
9.92E+17,BOUGHT [ #XRPBTC | #binance | Price: 0.00009276 | Time: 2018-05-03 02:10:00 ] Uptime: 148:12 | #BTC #XRP #trading #cryptocurrency #bitcoin,2018-05-03 02:10:00
9.92E+17,RT @litenettcom: With an audience of 10 million per month (120 million per year) at a rate of ‚Ç¨ 3.0 per user - the profit will be ‚Ç¨ 360 000‚Ä¶,2018-05-03 02:03:00
9.93E+17,"RT @PEP_Network: üî•Only 3 days leftüî•
üîîWe want to announce that the Next AMA (Ask Me Anything) session will be organized at 10:30 UTC (which‚Ä¶",2018-05-04 22:56:00
9.92E+17,"#Cryptos: 

#BTC 9650.75$ | 8067.10‚Ç¨
#XRP 0.89$ | 0.75‚Ç¨
#ETH 777.24$ | 649.70‚Ç¨
#LTC 163.00$ | 136.26‚Ç¨
#DASH 483.14$‚Ä¶ https://t.co/XnDhXdMjOJ",2018-05-04 19:37:00
9.92E+17,"RT @tihosay: Tihosay Pre-ICO will begin April 15th,2018 at 10:00:00 UTC.

https://t.co/guLMSGZZn7
https://t.co/ZSQarBXSSy

#tihosay #ICO #b‚Ä¶",2018-05-04 19:23:00
9.92E+17,"Join me to get @Listia's new $XNK #cryptocurrency for free! Use code ""CLWYCV"" for an extra 25 XNK. Just got this wi‚Ä¶ https://t.co/5viuEDAcV0",2018-05-04 19:14:00
9.92E+17,"RT @tihosay: üöÄ Pre-ICO will begin April 15th, 2018 at 10:00 UTC üöÄ
Register now: https://t.co/WvI1G4dfZC

#tihosay #ICO #blockchain #Crypto‚Ä¶",2018-05-04 18:51:00
9.92E+17,"#crypto price changes last 4 hours

üöÄ
$POLY +6.50%
$EXP +6.03%
$ZRX +5.47%

üåßÔ∏è
$WAX -10.00%
$RCN -7.48%
$ZCL -6.65%‚Ä¶ https://t.co/HOYLOAYBWH",2018-05-04 16:47:00
9.92E+17,"RT @bcnews34: –í –°–∞–Ω–∫—Ç-–ü–µ—Ç–µ—Ä–±—É—Ä–≥–µ –æ—Ç–∫—Ä—ã–ª—Å—è –ø–µ—Ä–≤—ã–π –∫—Ä–∏–ø—Ç–æ–±—É—Ç–∏–∫ ¬´–ö—Ä–∏–ø—Ç–æ–Æ–Ω–∏–≤–µ—Ä—Å¬ª
–†–∞—Å–ø–æ–ª–æ–∂–∏–ª—Å—è –±—É—Ç–∏–∫ –Ω–∞ –≤—Ç–æ—Ä–æ–º —ç—Ç–∞–∂–µ –¢–†–¶ –ü–∏—Ç–µ—Ä–ª—ç–Ω–¥ –ø–æ –∞–¥—Ä–µ—Å—É –ü—Ä–∏‚Ä¶",2018-05-04 15:21:00
9.92E+17,"RT @tihosay: Pre - ICO will begin April 15th, 2018 at 10:00 UTC.

https://t.co/guLMSGZZn7
https://t.co/ZSQarBXSSy

#tihosay #ICO #blockchai‚Ä¶",2018-05-04 15:07:00
9.92E+17,"RT @tihosay: üöÄ Pre-ICO will begin April 15th, 2018 at 10:00 UTC. 40% BONUS üöÄ

Register now: https://t.co/mlPm5M2fgm
Join our Telegram commu‚Ä¶",2018-05-04 15:07:00
9.92E+17,"RT @tihosay: üöÄ Pre-ICO will begin April 15th, 2018 at 10:00 UTC. 40% BONUS üöÄ

Register now: https://t.co/mlPm5M2fgm
Join our Telegram commu‚Ä¶",2018-05-04 15:05:00
9.92E+17,"RT @tihosay: üöÄ Pre-ICO will begin April 15th, 2018 at 10:00 UTC üöÄ
Register now: https://t.co/WvI1G4dfZC

#tihosay #ICO #blockchain #Crypto‚Ä¶",2018-05-04 13:37:00
9.92E+17,"APO - Advanced Parimutuel Options ICO Starts: April 25, 10:00 am UTC #APOFinance #ICO #Ethereum #Blockchain #Cryptocurrency",2018-05-04 13:22:00
9.92E+17,RT @litenettcom: With an audience of 10 million per month (120 million per year) at a rate of ‚Ç¨ 3.0 per user - the profit will be ‚Ç¨ 360 000‚Ä¶,2018-05-04 12:30:00
9.92E+17,"RT @PEP_Network: üî•Only 3 days leftüî•
üîîWe want to announce that the Next AMA (Ask Me Anything) session will be organized at 10:30 UTC (which‚Ä¶",2018-05-04 11:25:00
9.92E+17,"#CryptoCurrency prices (4 May PM - 24h):

#Bitcoin: $9,711.20 (+5.32%)
#Ethereum: $794.97 (+10.50%)
#Ripple: $0.904‚Ä¶ https://t.co/s7fv4tt1yD",2018-05-04 11:06:00
9.92E+17,"RT @tihosay: Pre - ICO will begin April 15th, 2018 at 10:00 UTC.

https://t.co/guLMSGZZn7
https://t.co/ZSQarBXSSy

#tihosay #ICO #blockchai‚Ä¶",2018-05-04 10:32:00
9.92E+17,"–í –°–∞–Ω–∫—Ç-–ü–µ—Ç–µ—Ä–±—É—Ä–≥–µ –æ—Ç–∫—Ä—ã–ª—Å—è –ø–µ—Ä–≤—ã–π –∫—Ä–∏–ø—Ç–æ–±—É—Ç–∏–∫ ¬´–ö—Ä–∏–ø—Ç–æ–Æ–Ω–∏–≤–µ—Ä—Å¬ª
–†–∞—Å–ø–æ–ª–æ–∂–∏–ª—Å—è –±—É—Ç–∏–∫ –Ω–∞ –≤—Ç–æ—Ä–æ–º —ç—Ç–∞–∂–µ –¢–†–¶ –ü–∏—Ç–µ—Ä–ª—ç–Ω–¥ –ø–æ‚Ä¶ https://t.co/j33863FTAp",2018-05-04 09:32:00
9.92E+17,"RT @tihosay: üöÄ Pre-ICO will begin April 15th, 2018 at 10:00 UTC üöÄ
Register now: https://t.co/WvI1G4dfZC

#tihosay #ICO #blockchain #Crypto‚Ä¶",2018-05-04 08:50:00
9.92E+17,"RT @tihosay: üöÄ Pre-ICO will begin April 15th, 2018 at 10:00 UTC üöÄ
Register now: https://t.co/WvI1G4dfZC

#tihosay #ICO #blockchain #Crypto‚Ä¶",2018-05-04 07:04:00
9.92E+17,"RT @tihosay: üöÄ Pre-ICO will begin April 15th, 2018 at 10:00 UTC. 40% BONUS üöÄ

Register now: https://t.co/mlPm5M2fgm
Join our Telegram commu‚Ä¶",2018-05-04 06:47:00
9.92E+17,"RT @tihosay: üöÄ Starts in 4 days.. Pre-ICO will begin April 15th, 2018 at 10:00 UTC. 40% BONUS üöÄ

Register now: https://t.co/gS31OE4gss

#ti‚Ä¶",2018-05-04 06:29:00
9.92E+17,"RT @tihosay: üöÄ Starts in 4 days.. Pre-ICO will begin April 15th, 2018 at 10:00 UTC. 40% BONUS üöÄ

Register now: https://t.co/gS31OE4gss

#ti‚Ä¶",2018-05-04 03:36:00
9.92E+17,Nano made $‚Äâ10.00 https://t.co/bK6GNBDDu8 #Nano $NANO #cryptocurrency https://t.co/v0SBUekASy,2018-05-04 02:15:00
9.92E+17,"RT @tihosay: Tihosay Pre-ICO will begin April 15th,2018 at 10:00:00 UTC.

https://t.co/guLMSGZZn7
https://t.co/ZSQarBXSSy

#tihosay #ICO #b‚Ä¶",2018-05-04 00:10:00
9.95E+17,"RT @Thr_Official: #THR Journey 
$13.76 May 7 Day end 
May 8 - Grand Day 
Pic 1 $48 10.00 AM
Pic 2 $143.88 2 PM
Pic 3 $215 6 PM
#Listing #Pr‚Ä¶",2018-05-10 23:45:00
9.95E+17,"RT @Thr_Official: #THR Journey 
$13.76 May 7 Day end 
May 8 - Grand Day 
Pic 1 $48 10.00 AM
Pic 2 $143.88 2 PM
Pic 3 $215 6 PM
#Listing #Pr‚Ä¶",2018-05-10 21:24:00
9.95E+17,"#cryptocurrency Price Analysis for #Bitsend #BSD : 
Last Hour Change : 0.67 % || 10-05-2018 23:00
Price in #USD : 0‚Ä¶ https://t.co/DcGAMueFtU",2018-05-10 21:00:00
9.95E+17,"#crypto price changes last hour

üöÄ
$EBST +3.26%
$DCR +3.04%
$XMG +3.00%

üåßÔ∏è
$BLT -10.48%
$CRW -6.18%
$DOPE -5.24%

#bitcoin #cryptocurrency",2018-05-10 20:01:00
9.95E+17,"#cryptocurrency Price Analysis for #Bitsend #BSD : ‚¨áÔ∏è
Last Hour Change : -1.17 % || 10-05-2018 22:00
Price in #USD‚Ä¶ https://t.co/vKGPCJd3JV",2018-05-10 20:00:00
9.95E+17,"@Peurtoken Crowdsale Phase 1 will begin in 5hours. Start 00:00 GMT+10 (Australia). Have
you already monetize your i‚Ä¶ https://t.co/ubIXPLTikl",2018-05-10 19:59:00
9.95E+17,"RT @Thr_Official: #THR Journey 
$13.76 May 7 Day end 
May 8 - Grand Day 
Pic 1 $48 10.00 AM
Pic 2 $143.88 2 PM
Pic 3 $215 6 PM
#Listing #Pr‚Ä¶",2018-05-10 19:58:00
9.95E+17,"–ê–Ω–∞–ª–∏–∑ —Ä—ã–Ω–∫–∞ –∫—Ä–∏–ø—Ç–æ–≤–∞–ª—é—Ç –Ω–∞ 10 –º–∞—è 2018

–ö —Å–æ–∂–∞–ª–µ–Ω–∏—é –±–æ–ª—å—à–∏–Ω—Å—Ç–≤–∞ –∏–Ω–≤–µ—Å—Ç–æ—Ä–æ–≤, –≤—á–µ—Ä–∞—à–Ω–∏–π —Ä–æ—Å—Ç –∫—Ä–∏–ø—Ç–æ–≤–∞–ª—é—Ç–Ω–æ–≥–æ —Ä—ã–Ω–∫–∞ –Ω‚Ä¶ https://t.co/F3uhiyzrzT",2018-05-10 19:10:00
9.95E+17,"#cryptocurrency Price Analysis for #Bitsend #BSD : ‚¨áÔ∏è
Last Hour Change : -0.59 % || 10-05-2018 21:00
Price in #USD‚Ä¶ https://t.co/9pvXX44ytX",2018-05-10 19:00:00
9.95E+17,"#cryptocurrency Price Analysis for #Bitsend #BSD : ‚¨áÔ∏è
Last Hour Change : -2.35 % || 10-05-2018 20:00
Price in #USD‚Ä¶ https://t.co/JIdV8Rdnb4",2018-05-10 18:00:00
9.95E+17,"RT @FintruX: $FTX is scheduled to be listed on https://t.co/P49b5sovXY to start the second wave of exchanges! 
Deposits starts: May 10th 10‚Ä¶",2018-05-10 17:16:00
9.95E+17,"#cryptocurrency Price Analysis for #Bitsend #BSD : ‚¨áÔ∏è
Last Hour Change : -0.68 % || 10-05-2018 19:00
Price in #USD‚Ä¶ https://t.co/KvPz2JVDuR",2018-05-10 17:00:00
9.95E+17,"RT @Thr_Official: #THR Journey 
$13.76 May 7 Day end 
May 8 - Grand Day 
Pic 1 $48 10.00 AM
Pic 2 $143.88 2 PM
Pic 3 $215 6 PM
#Listing #Pr‚Ä¶",2018-05-10 16:32:00
9.95E+17,"#cryptocurrency Price Analysis for #Bitsend #BSD : ‚¨ÜÔ∏è
Last Hour Change : 1.18 % || 10-05-2018 18:00
Price in #USD :‚Ä¶ https://t.co/Mazf1mK7JR",2018-05-10 16:00:00
9.95E+17,"RT @CryptoPriceCall: $BTC : -0.19%üìâ 9313$
Top (last h):
$ADI : +43.75%üìà 702st
$VIPS : +13.98%üìà 8st
$VEE : +10.51%üìà 528st
$RIYA : +9.00%üìà 69‚Ä¶",2018-05-10 15:42:00
9.95E+17,"RT @Thr_Official: #THR Journey 
$13.76 May 7 Day end 
May 8 - Grand Day 
Pic 1 $48 10.00 AM
Pic 2 $143.88 2 PM
Pic 3 $215 6 PM
#Listing #Pr‚Ä¶",2018-05-10 15:10:00
9.95E+17,"#cryptocurrency Price Analysis for #Bitsend #BSD : 
Last Hour Change : 0.01 % || 10-05-2018 17:00
Price in #USD : 0‚Ä¶ https://t.co/I9fp7oA4E5",2018-05-10 15:00:00
9.95E+17,"#cryptocurrency Price Analysis for #Bitsend #BSD : ‚¨áÔ∏è
Last Hour Change : -0.14 % || 10-05-2018 16:00
Price in #USD‚Ä¶ https://t.co/8iXRER7gF7",2018-05-10 14:00:00
9.95E+17,"#Cryptos: 

#BTC 9372.14$ | 7882.64‚Ç¨
#XRP 0.80$ | 0.68‚Ç¨
#ETH 764.62$ | 643.10‚Ç¨
#LTC 158.13$ | 133.00‚Ç¨
#DASH 454.85$‚Ä¶ https://t.co/jbddJxgVlA",2018-05-10 13:28:00
9.95E+17,"RT @Bitcoin2140com: #CryptoCurrency prices (10 May - 24h):

#Bitcoin: $9,341.90 (+0.88%)
#Ethereum: $761.66 (+1.89%)
#Ripple: $0.7942 (-0.3‚Ä¶",2018-05-10 13:11:00
9.95E+17,"1 Bitcoin ( #BTC )
Dollar: 9327.25$ 

1 Bitcoin Cash ( #BCH )
Dollar: 1,647.41$ 

1 Ethereum ( #ETH )
Dollar: 759.0‚Ä¶ https://t.co/I4a6Ls7siM",2018-05-10 13:10:00
9.95E+17,"#cryptocurrency Price Analysis for #Bitsend #BSD : ‚¨áÔ∏è
Last Hour Change : -0.52 % || 10-05-2018 15:00
Price in #USD‚Ä¶ https://t.co/vBBdVhhQ2B",2018-05-10 13:00:00
9.95E+17,"#CryptoCurrency prices (10 May - 24h):

#Bitcoin: $9,341.90 (+0.88%)
#Ethereum: $761.66 (+1.89%)
#Ripple: $0.7942 (‚Ä¶ https://t.co/9vaS6tUuY2",2018-05-10 12:56:00
9.95E+17,"RT @tihosay: üöÄ Starts in 4 days.. Pre-ICO will begin April 15th, 2018 at 10:00 UTC. 40% BONUS üöÄ

Register now: https://t.co/gS31OE4gss

#ti‚Ä¶",2018-05-10 12:20:00
9.95E+17,"#cryptocurrency Price Analysis for #Bitsend #BSD : 
Last Hour Change : 0.58 % || 10-05-2018 14:00
Price in #USD : 0‚Ä¶ https://t.co/8SNP1kvahg",2018-05-10 12:00:00
9.95E+17,"#cryptocurrency Price Analysis for #Bitsend #BSD : 
Last Hour Change : 0.28 % || 10-05-2018 13:00
Price in #USD : 0‚Ä¶ https://t.co/bipC6H5wPu",2018-05-10 11:00:00
9.95E+17,"RT @Thr_Official: #THR Journey 
$13.76 May 7 Day end 
May 8 - Grand Day 
Pic 1 $48 10.00 AM
Pic 2 $143.88 2 PM
Pic 3 $215 6 PM
#Listing #Pr‚Ä¶",2018-05-10 10:56:00
9.95E+17,"Sniper Trade BUY Alert $DGD $BTC 

Symbol Pair : DGDBTC

Binance 1 Hour Chart - 5/10/2018 10:00:00 AM UTC
Price : 0‚Ä¶ https://t.co/1BFrIIOpuL",2018-05-10 10:00:00
9.95E+17,"#cryptocurrency Price Analysis for #Bitsend #BSD : ‚¨áÔ∏è
Last Hour Change : -0.9 % || 10-05-2018 12:00
Price in #USD :‚Ä¶ https://t.co/wHfIDFusvm",2018-05-10 10:00:00
9.95E+17,"RT @FairGameOnline: Dear players, new Fair City Tarpaulin  (FAIR) will open at Singapore time 16:00 PM, May 10, 2018
Fair City: https://t.c‚Ä¶",2018-05-10 09:39:00
9.95E+17,"RT @FairGameOnline: Dear players, new Fair City Tarpaulin  (FAIR) will open at Singapore time 16:00 PM, May 10, 2018
Fair City: https://t.c‚Ä¶",2018-05-10 09:39:00
9.95E+17,"RT @FairGameOnline: Dear players, new Fair City Tarpaulin  (FAIR) will open at Singapore time 16:00 PM, May 10, 2018
Fair City: https://t.c‚Ä¶",2018-05-10 09:37:00
9.95E+17,"#cryptocurrency Price Analysis for #Bitsend #BSD : ‚¨áÔ∏è
Last Hour Change : -0.08 % || 10-05-2018 11:00
Price in #USD‚Ä¶ https://t.co/SlSZam77eB",2018-05-10 09:00:00
9.95E+17,"RT @tihosay: Pre - ICO will begin April 15th, 2018 at 10:00 UTC.

https://t.co/guLMSGZZn7
https://t.co/ZSQarBXSSy

#tihosay #ICO #blockchai‚Ä¶",2018-05-10 08:53:00
9.94E+17,"RT @Thr_Official: #THR Journey 
$13.76 May 7 Day end 
May 8 - Grand Day 
Pic 1 $48 10.00 AM
Pic 2 $143.88 2 PM
Pic 3 $215 6 PM
#Listing #Pr‚Ä¶",2018-05-10 08:11:00
9.94E+17,"RT @FintruX: $FTX is scheduled to be listed on https://t.co/P49b5sovXY to start the second wave of exchanges! 
Deposits starts: May 10th 10‚Ä¶",2018-05-10 08:03:00
9.94E+17,"$FTX is scheduled to be listed on https://t.co/P49b5sovXY to start the second wave of exchanges! 
Deposits starts:‚Ä¶ https://t.co/6984Gefmot",2018-05-10 08:02:00
9.94E+17,"#cryptocurrency Price Analysis for #Bitsend #BSD : ‚¨áÔ∏è
Last Hour Change : -0.55 % || 10-05-2018 10:00
Price in #USD‚Ä¶ https://t.co/qRZMVaiY2j",2018-05-10 08:00:00
9.94E+17,"RT @tihosay: Tihosay Pre-ICO will begin April 15th,2018 at 10:00:00 UTC.

https://t.co/guLMSGZZn7
https://t.co/ZSQarBXSSy

#tihosay #ICO #b‚Ä¶",2018-05-10 07:30:00
9.94E+17,"$BTC : -0.19%üìâ 9313$
Top (last h):
$ADI : +43.75%üìà 702st
$VIPS : +13.98%üìà 8st
$VEE : +10.51%üìà 528st
$RIYA : +9.00%üìà‚Ä¶ https://t.co/SUxQ9awqnz",2018-05-10 07:30:00
9.94E+17,"#cryptocurrency Price Analysis for #Bitsend #BSD : ‚¨áÔ∏è
Last Hour Change : -2.47 % || 10-05-2018 09:00
Price in #USD‚Ä¶ https://t.co/tGQo5HNF8r",2018-05-10 07:00:00
9.94E+17,"RT @Thr_Official: #THR Journey 
$13.76 May 7 Day end 
May 8 - Grand Day 
Pic 1 $48 10.00 AM
Pic 2 $143.88 2 PM
Pic 3 $215 6 PM
#Listing #Pr‚Ä¶",2018-05-10 06:25:00
9.94E+17,"#cryptocurrency Price Analysis for #Bitsend #BSD : ‚¨áÔ∏è
Last Hour Change : -0.19 % || 10-05-2018 08:00
Price in #USD‚Ä¶ https://t.co/Y7b1Q8yZFn",2018-05-10 06:00:00
9.94E+17,RT @litenettcom: With an audience of 10 million per month (120 million per year) at a rate of ‚Ç¨ 3.0 per user - the profit will be ‚Ç¨ 360 000‚Ä¶,2018-05-10 05:51:00
9.94E+17,"RT @InfoProNetwork: 10.000.00 evo token airdrop
2000 participants

 RULES
1. join the telegram  https://t.co/wi41SNrtji 
2 . follow
3. retw‚Ä¶",2018-05-10 05:37:00
9.94E+17,"RT @Thr_Official: #THR Journey 
$13.76 May 7 Day end 
May 8 - Grand Day 
Pic 1 $48 10.00 AM
Pic 2 $143.88 2 PM
Pic 3 $215 6 PM
#Listing #Pr‚Ä¶",2018-05-10 05:34:00
9.94E+17,"#cryptocurrency Price Analysis for #Bitsend #BSD : ‚¨áÔ∏è
Last Hour Change : -0.03 % || 10-05-2018 07:00
Price in #USD‚Ä¶ https://t.co/UEJ2ErXKgr",2018-05-10 05:00:00
9.94E+17,"#cryptocurrency Price Analysis for #Bitsend #BSD : ‚¨áÔ∏è
Last Hour Change : -0.76 % || 10-05-2018 06:00
Price in #USD‚Ä¶ https://t.co/UYbwvAVDMP",2018-05-10 04:00:00
9.94E+17,"RT @Thr_Official: #THR Journey 
$13.76 May 7 Day end 
May 8 - Grand Day 
Pic 1 $48 10.00 AM
Pic 2 $143.88 2 PM
Pic 3 $215 6 PM
#Listing #Pr‚Ä¶",2018-05-10 03:53:00
9.94E+17,"Sniper Trade BUY Alert $GTO $BTC 

Symbol Pair : GTOBTC

Binance 1 Hour Chart - 5/10/2018 3:00:00 AM UTC
Price : 0.‚Ä¶ https://t.co/D9Wbs8y8h3",2018-05-10 03:10:00
9.94E+17,"Sniper Trade BUY Alert $XZC $BTC 

Symbol Pair : XZCBTC

Binance 1 Hour Chart - 5/10/2018 3:00:00 AM UTC
Price : 0.‚Ä¶ https://t.co/Z51lxVu6yk",2018-05-10 03:01:00
9.94E+17,"#cryptocurrency Price Analysis for #Bitsend #BSD : ‚¨áÔ∏è
Last Hour Change : -0.01 % || 10-05-2018 05:00
Price in #USD‚Ä¶ https://t.co/1B6ht0ZoGO",2018-05-10 03:00:00
9.94E+17,"RT @Thr_Official: #THR Journey 
$13.76 May 7 Day end 
May 8 - Grand Day 
Pic 1 $48 10.00 AM
Pic 2 $143.88 2 PM
Pic 3 $215 6 PM
#Listing #Pr‚Ä¶",2018-05-10 02:19:00
9.94E+17,"Sniper Trade BUY Alert $GTO $BTC 

Symbol Pair : GTOBTC

Binance 1 Hour Chart - 5/10/2018 2:00:00 AM UTC
Price : 0.‚Ä¶ https://t.co/y9pVsG091D",2018-05-10 02:10:00
9.94E+17,"10.000.00 evo token airdrop
2000 participants

 RULES
1. join the telegram  https://t.co/wi41SNrtji 
2 . follow
3.‚Ä¶ https://t.co/uBc8fKT4Yl",2018-05-10 02:00:00
9.94E+17,"#cryptocurrency Price Analysis for #Bitsend #BSD : ‚¨áÔ∏è
Last Hour Change : -0.17 % || 10-05-2018 04:00
Price in #USD‚Ä¶ https://t.co/oV9WqeyAKp",2018-05-10 02:00:00
9.94E+17,"RT @Thr_Official: #THR Journey 
$13.76 May 7 Day end 
May 8 - Grand Day 
Pic 1 $48 10.00 AM
Pic 2 $143.88 2 PM
Pic 3 $215 6 PM
#Listing #Pr‚Ä¶",2018-05-10 01:05:00
9.94E+17,"Sniper Trade BUY Alert $MDA $BTC 

Symbol Pair : MDABTC

Binance 1 Hour Chart - 5/10/2018 1:00:00 AM UTC
Price : 0.‚Ä¶ https://t.co/wHtG6OmGhV",2018-05-10 01:00:00
9.94E+17,"#cryptocurrency Price Analysis for #Bitsend #BSD : ‚¨áÔ∏è
Last Hour Change : -0.65 % || 10-05-2018 03:00
Price in #USD‚Ä¶ https://t.co/5sWCFZYRXC",2018-05-10 01:00:00
9.94E+17,#currency #cryptocurrency Top Ten Crypto Websites | Best Cryptocurrency News &amp; Info Websites!: HTTP/1.1 200 OK Date‚Ä¶ https://t.co/Vl9GsWas6O,2018-05-10 00:33:00
9.94E+17,"Sniper Trade BUY Alert $MDA $BTC 

Symbol Pair : MDABTC

Binance 1 Hour Chart - 5/10/2018 12:00:00 AM UTC
Price : 0‚Ä¶ https://t.co/U5Q5VVsJCQ",2018-05-10 00:00:00
9.94E+17,"#cryptocurrency Price Analysis for #Bitsend #BSD : 
Last Hour Change : 0.56 % || 10-05-2018 02:00
Price in #USD : 0‚Ä¶ https://t.co/IVof1PtOdz",2018-05-10 00:00:00
9.95E+17,"RT @Cryptocomments: WeGold, a dentralized travel platform, is coducting an airdrop (10,000 participant limit). Receive 218 WGD tokens (valu‚Ä¶",2018-05-11 21:50:00
9.95E+17,"WeGold, a dentralized travel platform, is coducting an airdrop (10,000 participant limit). Receive 218 WGD tokens (‚Ä¶ https://t.co/0MMBwp19PO",2018-05-11 21:17:00
9.95E+17,"RT @Thr_Official: #THR Journey 
$13.76 May 7 Day end 
May 8 - Grand Day 
Pic 1 $48 10.00 AM
Pic 2 $143.88 2 PM
Pic 3 $215 6 PM
#Listing #Pr‚Ä¶",2018-05-11 19:07:00
9.95E+17,"RT @UTEMISUTS: ICO First Period ends April 1st, 2018 Bonus: 30% 
Additional Bonus for participating: +&gt; 10.00 ETH: additional 15% +&gt; 50.00‚Ä¶",2018-05-11 17:09:00
9.95E+17,"RT @CryptoPriceCall: $BTC : -0.59%üìâ 8594$
Top (last h):
$HTML : +18.42%üìà 5st
$WHL : +14.75%üìà 425st
$BRM : +14.16%üìà 707st
$XPA : +12.09%üìà 29‚Ä¶",2018-05-11 16:16:00
9.95E+17,"RT @CryptoPriceCall: $BTC : -0.59%üìâ 8594$
Top (last h):
$HTML : +18.42%üìà 5st
$WHL : +14.75%üìà 425st
$BRM : +14.16%üìà 707st
$XPA : +12.09%üìà 29‚Ä¶",2018-05-11 16:07:00
9.95E+17,"$BTC : -0.59%üìâ 8594$
Top (last h):
$HTML : +18.42%üìà 5st
$WHL : +14.75%üìà 425st
$BRM : +14.16%üìà 707st
$XPA : +12.09%üìà‚Ä¶ https://t.co/1wOrtnbh8a",2018-05-11 16:00:00
9.95E+17,"RT @Thr_Official: #THR Journey 
$13.76 May 7 Day end 
May 8 - Grand Day 
Pic 1 $48 10.00 AM
Pic 2 $143.88 2 PM
Pic 3 $215 6 PM
#Listing #Pr‚Ä¶",2018-05-11 15:57:00
9.95E+17,Debate between @ethereumJoseph and @Nouriel at the @fluiditysummit. Starts at 3:10:00 https://t.co/UWimsNADEn‚Ä¶ https://t.co/AEv0dXfFMt,2018-05-11 14:43:00
9.95E+17,"#Cryptos: 

#BTC 8583.19$ | 7188.09‚Ç¨
#XRP 0.68$ | 0.57‚Ç¨
#ETH 678.10$ | 567.88‚Ç¨
#LTC 139.03$ | 116.43‚Ç¨
#DASH 392.63$‚Ä¶ https://t.co/61L11uivcK",2018-05-11 13:48:00
9.95E+17,"RT @Thr_Official: #THR Journey 
$13.76 May 7 Day end 
May 8 - Grand Day 
Pic 1 $48 10.00 AM
Pic 2 $143.88 2 PM
Pic 3 $215 6 PM
#Listing #Pr‚Ä¶",2018-05-11 13:24:00
9.95E+17,"RT @tihosay: Tihosay Pre-ICO will begin April 15th,2018 at 10:00:00 UTC.

https://t.co/guLMSGZZn7
https://t.co/ZSQarBXSSy

#tihosay #ICO #b‚Ä¶",2018-05-11 12:10:00
9.95E+17,"RT @lendchain: In the process of participating in the internal testing, we need your help to fix the bugs.

There will be an opportunity to‚Ä¶",2018-05-11 11:25:00
9.95E+17,"$BTC : +0.36%üìà 8760$
Top (last h):
$CUBE : +49.95%üìà 2st
$VIPS : +16.50%üìà 7st
$OCC : +14.86%üìà 30711st
$PPP : +10.76%‚Ä¶ https://t.co/pJOli5dMAE",2018-05-11 11:00:00
9.95E+17,"$BTC : +0.06%üìà 8776$
Top (last h):
$PST : +11.00%üìà 8651st
$PFR : +10.52%üìà 1554st
$ALIS : +9.90%üìà 2132st
$AIT : +8.3‚Ä¶ https://t.co/Vdk52hJ67l",2018-05-11 10:30:00
9.95E+17,"RT @Thr_Official: #THR Journey 
$13.76 May 7 Day end 
May 8 - Grand Day 
Pic 1 $48 10.00 AM
Pic 2 $143.88 2 PM
Pic 3 $215 6 PM
#Listing #Pr‚Ä¶",2018-05-11 09:53:00
9.95E+17,"#cryptocurrency Price Analysis for #Bitsend #BSD : ‚¨áÔ∏è
Last Hour Change : -2.79 % || 11-05-2018 10:00
Price in #USD‚Ä¶ https://t.co/ISYLKqGaHL",2018-05-11 08:00:00
9.95E+17,"In the process of participating in the internal testing, we need your help to fix the bugs.

There will be an oppor‚Ä¶ https://t.co/9fxGsBuUZX",2018-05-11 07:55:00
9.95E+17,"RT @Thr_Official: #THR Journey 
$13.76 May 7 Day end 
May 8 - Grand Day 
Pic 1 $48 10.00 AM
Pic 2 $143.88 2 PM
Pic 3 $215 6 PM
#Listing #Pr‚Ä¶",2018-05-11 07:35:00
9.95E+17,"RT @Thr_Official: #THR Journey 
$13.76 May 7 Day end 
May 8 - Grand Day 
Pic 1 $48 10.00 AM
Pic 2 $143.88 2 PM
Pic 3 $215 6 PM
#Listing #Pr‚Ä¶",2018-05-11 07:31:00
9.95E+17,"RT @Thr_Official: #THR Journey 
$13.76 May 7 Day end 
May 8 - Grand Day 
Pic 1 $48 10.00 AM
Pic 2 $143.88 2 PM
Pic 3 $215 6 PM
#Listing #Pr‚Ä¶",2018-05-11 06:47:00
9.95E+17,"$BTC : +0.42%üìà 9017$
Top (last h):
$BOUTS : +21.10%üìà 363st
$NTY : +17.20%üìà 2st
$SCC : +16.64%üìà 112st
$MLM : +13.07%‚Ä¶ https://t.co/ZLyJik7KFY",2018-05-11 06:00:00
9.95E+17,RT @info_jnb: It's exciting to announce that Animation Vision Cash (AVH) is listing on JNB ExchangeÔºÅTrading will commence at 16:00 (UTC+10)‚Ä¶,2018-05-11 05:25:00
9.95E+17,"RT @FintruX: $FTX is scheduled to be listed on https://t.co/P49b5sovXY to start the second wave of exchanges! 
Deposits starts: May 10th 10‚Ä¶",2018-05-11 04:37:00
9.95E+17,"RT @Thr_Official: #THR Journey 
$13.76 May 7 Day end 
May 8 - Grand Day 
Pic 1 $48 10.00 AM
Pic 2 $143.88 2 PM
Pic 3 $215 6 PM
#Listing #Pr‚Ä¶",2018-05-11 03:49:00
9.95E+17,"RT @Thr_Official: #THR Journey 
$13.76 May 7 Day end 
May 8 - Grand Day 
Pic 1 $48 10.00 AM
Pic 2 $143.88 2 PM
Pic 3 $215 6 PM
#Listing #Pr‚Ä¶",2018-05-11 03:41:00
9.95E+17,"RT @Thr_Official: #THR Journey 
$13.76 May 7 Day end 
May 8 - Grand Day 
Pic 1 $48 10.00 AM
Pic 2 $143.88 2 PM
Pic 3 $215 6 PM
#Listing #Pr‚Ä¶",2018-05-11 03:41:00
9.95E+17,RT @info_jnb: It's exciting to announce that Animation Vision Cash (AVH) is listing on JNB ExchangeÔºÅTrading will commence at 16:00 (UTC+10)‚Ä¶,2018-05-11 03:34:00
9.95E+17,It's exciting to announce that Animation Vision Cash (AVH) is listing on JNB ExchangeÔºÅTrading will commence at 16:0‚Ä¶ https://t.co/df6XfexN26,2018-05-11 03:13:00
9.95E+17,Crowdsale Phase 1 will begin in 5hours. Start 00:00 GMT+10 (Australia). Have you already monetize your investment?‚Ä¶ https://t.co/geVVq8RJwB,2018-05-11 03:12:00
9.95E+17,"$BTC : -0.15%üìâ 8960$
Top (last h):
$GENE : +24.76%üìà 195st
$OCT : +16.53%üìà 8402st
$PFR : +16.00%üìà 1521st
$HPC : +12.‚Ä¶ https://t.co/vaMuD19tlI",2018-05-11 03:00:00
9.95E+17,"√öltimo: R$ 33.515,10 ‚ñº 
Alta: R$ 34.700,00 ‚ñº 
Baixa: R$ 33.400,00 ‚ñº 
Volume: 194.47617776 BTC ‚ñ≤ 
Taxa 30min: 20 sat‚Ä¶ https://t.co/9FAkoILVF7",2018-05-11 00:00:00
9.95E+17,"#Cryptos: 

#BTC 8442.16$ | 7058.36‚Ç¨
#XRP 0.69$ | 0.58‚Ç¨
#ETH 676.88$ | 565.93‚Ç¨
#LTC 141.00$ | 117.88‚Ç¨
#DASH 400.13$‚Ä¶ https://t.co/tFI9xCO7Cd",2018-05-12 22:22:00
9.95E+17,"#Cryptos: 

#BTC 8451.00$ | 7065.75‚Ç¨
#XRP 0.69$ | 0.58‚Ç¨
#ETH 678.33$ | 567.14‚Ç¨
#LTC 141.07$ | 117.95‚Ç¨
#DASH 399.69$‚Ä¶ https://t.co/Fb7dxDHE9T",2018-05-12 22:07:00
9.95E+17,"We will be airdropping 2000 $NBT tokens each to 60,000 Subscribers 

Join NobleBit Airdrop 
follow
retweet

More In‚Ä¶ https://t.co/mOYsFXB3fG",2018-05-12 18:29:00
9.95E+17,"#Cryptos: 

#BTC 8404.04$ | 7028.30‚Ç¨
#XRP 0.68$ | 0.57‚Ç¨
#ETH 667.44$ | 558.18‚Ç¨
#LTC 138.21$ | 115.58‚Ç¨
#DASH 396.00$‚Ä¶ https://t.co/uPimVZsXyc",2018-05-12 17:51:00
9.95E+17,"RT @coin_sight: #Cryptos: 

#BTC 8544.57$ | 7145.82‚Ç¨
#XRP 0.69$ | 0.58‚Ç¨
#ETH 677.00$ | 566.18‚Ç¨
#LTC 141.64$ | 118.46‚Ç¨
#DASH 401.22$ | 335.5‚Ä¶",2018-05-12 17:07:00
9.95E+17,"#Cryptos: 

#BTC 8544.57$ | 7145.82‚Ç¨
#XRP 0.69$ | 0.58‚Ç¨
#ETH 677.00$ | 566.18‚Ç¨
#LTC 141.64$ | 118.46‚Ç¨
#DASH 401.22$‚Ä¶ https://t.co/EI0wg4MVpX",2018-05-12 11:51:00
9.95E+17,"#Cryptos: 

#BTC 8550.23$ | 7150.56‚Ç¨
#XRP 0.69$ | 0.58‚Ç¨
#ETH 676.25$ | 565.54‚Ç¨
#LTC 141.49$ | 118.33‚Ç¨
#DASH 398.00$‚Ä¶ https://t.co/ApBl0n1za7",2018-05-12 10:51:00
9.95E+17,"#Cryptos: 

#BTC 8496.77$ | 7105.85‚Ç¨
#XRP 0.69$ | 0.57‚Ç¨
#ETH 667.59$ | 558.30‚Ç¨
#LTC 139.81$ | 116.93‚Ç¨
#DASH 393.70$‚Ä¶ https://t.co/BA5WvA867M",2018-05-12 10:21:00
9.95E+17,"RT @CryptoPriceCall: $BTC : -0.05%üìâ 8436$
Top (last h):
$ASN : +52.07%üìà 260st
$CUBE : +27.18%üìà 2st
$ECH : +21.00%üìà 1698st
$LBTC : +14.75%üìà‚Ä¶",2018-05-12 09:16:00
9.95E+17,"#cryptocurrency Price Analysis for #Bitsend #BSD : ‚¨áÔ∏è
Last Hour Change : -1.05 % || 12-05-2018 11:00
Price in #USD‚Ä¶ https://t.co/rIuVRcoAkI",2018-05-12 09:00:00
9.95E+17,"#Cryptos: 

#BTC 8347.61$ | 6981.11‚Ç¨
#XRP 0.66$ | 0.56‚Ç¨
#ETH 653.73$ | 546.71‚Ç¨
#LTC 134.59$ | 112.56‚Ç¨
#DASH 386.00$‚Ä¶ https://t.co/4x6UTax6zc",2018-05-12 08:20:00
9.95E+17,"#Cryptos: 

#BTC 8317.59$ | 6956.00‚Ç¨
#XRP 0.66$ | 0.56‚Ç¨
#ETH 652.80$ | 545.93‚Ç¨
#LTC 135.04$ | 112.94‚Ç¨
#DASH 383.83$‚Ä¶ https://t.co/XhsEEiIKWS",2018-05-12 07:35:00
9.95E+17,"#Cryptos: 

#BTC 8321.07$ | 6958.91‚Ç¨
#XRP 0.66$ | 0.55‚Ç¨
#ETH 648.51$ | 542.35‚Ç¨
#LTC 134.00$ | 112.06‚Ç¨
#DASH 383.08$‚Ä¶ https://t.co/BmcNiyJUmt",2018-05-12 07:20:00
9.95E+17,"$BTC : -0.05%üìâ 8436$
Top (last h):
$ASN : +52.07%üìà 260st
$CUBE : +27.18%üìà 2st
$ECH : +21.00%üìà 1698st
$LBTC : +14.75‚Ä¶ https://t.co/xa4Jf96GvE",2018-05-12 05:00:00
9.95E+17,"RT @CryptoPriceCall: $BTC : -0.21%üìâ 8475$
Top (last h):
$BLAZR : +30.02%üìà 93st
$CUBE : +26.98%üìà 2st
$TNS : +12.21%üìà 1310st
$B2B : +11.88%üìà‚Ä¶",2018-05-12 03:46:00
9.95E+17,"$BTC : -0.21%üìâ 8475$
Top (last h):
$BLAZR : +30.02%üìà 93st
$CUBE : +26.98%üìà 2st
$TNS : +12.21%üìà 1310st
$B2B : +11.88‚Ä¶ https://t.co/WfnQEhBc7J",2018-05-12 03:30:00
9.95E+17,"$BTC : -0.03%üìâ 8485$
Top (last h):
$SBTC : +16.81%üìà 197943st
$SLS : +13.65%üìà 611238st
$DRT : +12.96%üìà 230st
$NTK :‚Ä¶ https://t.co/OEoz3HkxOS",2018-05-12 02:00:00
9.95E+17,"RT @SigurdCapital: 11/05/2018 Short position: +7.20%
Sum of May = +74.00%
Tip: stay tuned, this is a crucial moment. From now, or we dump t‚Ä¶",2018-05-12 00:11:00
9.95E+17,"11/05/2018 Short position: +7.20%
Sum of May = +74.00%
Tip: stay tuned, this is a crucial moment. From now, or we d‚Ä¶ https://t.co/vFXGAdLgkA",2018-05-12 00:10:00
9.93E+17,"RT @Peurtoken: Crowdsale Phase 1 will begin in 5hours. Start 00:00 GMT+10 (Australia). Have
you already monetize your investment? Learn mor‚Ä¶",2018-05-05 23:50:00
9.93E+17,"$BTC : +0.44%üìà 9812$
Top (last h):
$IFC : +23.68%üìà 1st
$HADE : +12.89%üìà 904st
$VIPS : +12.13%üìà 8st
$GLD : +10.82%üìà‚Ä¶ https://t.co/wSBcwKlaSl",2018-05-05 22:30:00
9.93E+17,"RT @Peurtoken: Crowdsale Phase 1 will begin in 5hours. Start 00:00 GMT+10 (Australia). Have
you already monetize your investment? Learn mor‚Ä¶",2018-05-05 21:16:00
9.93E+17,"RT @Peurtoken: Crowdsale Phase 1 will begin in 5hours. Start 00:00 GMT+10 (Australia). Have
you already monetize your investment? Learn mor‚Ä¶",2018-05-05 20:11:00
9.93E+17,"RT @Peurtoken: Crowdsale Phase 1 will begin in 5hours. Start 00:00 GMT+10 (Australia). Have
you already monetize your investment? Learn mor‚Ä¶",2018-05-05 19:57:00
9.93E+17,"$BTC : +0.04%üìà 9866$
Top (last h):
$HADE : +25.53%üìà 887st
$B2B : +16.45%üìà 5880st
$LIFE : +13.76%üìà 5st
$TNS : +10.57‚Ä¶ https://t.co/DHjxnkWzul",2018-05-05 19:31:00
9.93E+17,"$BTC : +0.04%üìà 9866$
Top (last h):
$HADE : +25.53%üìà 887st
$B2B : +16.45%üìà 5880st
$LIFE : +13.76%üìà 5st
$TNS : +10.57‚Ä¶ https://t.co/DHyS27BBgy",2018-05-05 19:30:00
9.93E+17,"RT @Peurtoken: 4 hours left! The registrations haven't stopped. 
If you haven't signed up yet hurry up and do it at https://t.co/o5pyFZPow7‚Ä¶",2018-05-05 19:24:00
9.93E+17,"RT @Peurtoken: Crowdsale Phase 1 will begin in 5hours. Start 00:00 GMT+10 (Australia). Have
you already monetize your investment? Learn mor‚Ä¶",2018-05-05 19:05:00
9.93E+17,"RT @tihosay: üöÄ Pre-ICO will begin April 15th, 2018 at 10:00 UTC. 40% BONUS üöÄ

Register now: https://t.co/mlPm5M2fgm
Join our Telegram commu‚Ä¶",2018-05-05 17:27:00
9.93E+17,"RT @Peurtoken: Crowdsale Phase 1 will begin in 5hours. Start 00:00 GMT+10 (Australia). Have
you already monetize your investment? Learn mor‚Ä¶",2018-05-05 17:20:00
9.93E+17,"RT @Peurtoken: 4 hours left! The registrations haven't stopped. 
If you haven't signed up yet hurry up and do it at https://t.co/o5pyFZPow7‚Ä¶",2018-05-05 17:08:00
9.93E+17,"$BTC : -0.03%üìâ 9913$
Top (last h):
$HADE : +56.16%üìà 863st
$ART : +43.18%üìà 8000st
$B2B : +40.90%üìà 5922st
$SOC : +22.‚Ä¶ https://t.co/Qc8O7WpGLc",2018-05-05 17:00:00
9.93E+17,"RT @Peurtoken: Crowdsale Phase 1 will begin in 5hours. Start 00:00 GMT+10 (Australia). Have
you already monetize your investment? Learn mor‚Ä¶",2018-05-05 15:59:00
9.93E+17,"RT @Peurtoken: 4 hours left! The registrations haven't stopped. 
If you haven't signed up yet hurry up and do it at https://t.co/o5pyFZPow7‚Ä¶",2018-05-05 15:40:00
9.93E+17,"RT @Peurtoken: Crowdsale Phase 1 will begin in 5hours. Start 00:00 GMT+10 (Australia). Have
you already monetize your investment? Learn mor‚Ä¶",2018-05-05 15:35:00
9.93E+17,"$690.00 Bitmain Antminer T9+ 10.5 TH/s Bitcoin Miner-On hand, ready to ship! NEW IN BOX #cryptocurrency #miner‚Ä¶ https://t.co/KCtk2t8Ems",2018-05-05 15:07:00
9.93E+17,"RT @tihosay: üöÄ Starts in 4 days.. Pre-ICO will begin April 15th, 2018 at 10:00 UTC. 40% BONUS üöÄ

Register now: https://t.co/gS31OE4gss

#ti‚Ä¶",2018-05-05 14:53:00
9.93E+17,"RT @Peurtoken: Crowdsale Phase 1 will begin in 5hours. Start 00:00 GMT+10 (Australia). Have
you already monetize your investment? Learn mor‚Ä¶",2018-05-05 14:40:00
9.93E+17,"RT @Peurtoken: Crowdsale Phase 1 will begin in 5hours. Start 00:00 GMT+10 (Australia). Have
you already monetize your investment? Learn mor‚Ä¶",2018-05-05 14:20:00
9.93E+17,RT @CryptoPanicCom: ‚¨Ü +10 Ethereum price breaks above $800.00 with strong Bullish trend https://t.co/EVDFqExHvT $ETH #ethereum #cryptocurre‚Ä¶,2018-05-05 14:19:00
9.93E+17,"RT @Peurtoken: Crowdsale Phase 1 will begin in 5hours. Start 00:00 GMT+10 (Australia). Have
you already monetize your investment? Learn mor‚Ä¶",2018-05-05 14:03:00
9.93E+17,"RT @Peurtoken: Crowdsale Phase 1 will begin in 5hours. Start 00:00 GMT+10 (Australia). Have
you already monetize your investment? Learn mor‚Ä¶",2018-05-05 14:01:00
9.93E+17,"RT @tihosay: üöÄ Starts in 4 days.. Pre-ICO will begin April 15th, 2018 at 10:00 UTC. 40% BONUS üöÄ

Register now: https://t.co/gS31OE4gss

#ti‚Ä¶",2018-05-05 13:38:00
9.93E+17,"RT @tihosay: üöÄ Pre-ICO will begin April 15th, 2018 at 10:00 UTC üöÄ
Register now: https://t.co/WvI1G4dfZC

#tihosay #ICO #blockchain #Crypto‚Ä¶",2018-05-05 13:38:00
9.93E+17,"RT @tihosay: üöÄ Pre-ICO will begin April 15th, 2018 at 10:00 UTC üöÄ
Register now: https://t.co/WvI1G4dfZC

#tihosay #ICO #blockchain #Crypto‚Ä¶",2018-05-05 13:27:00
9.93E+17,"RT @tihosay: üöÄ Starts in 4 days.. Pre-ICO will begin April 15th, 2018 at 10:00 UTC. 40% BONUS üöÄ

Register now: https://t.co/gS31OE4gss

#ti‚Ä¶",2018-05-05 13:26:00
9.93E+17,"RT @tihosay: üöÄ Pre-ICO will begin April 15th, 2018 at 10:00 UTC. 40% BONUS üöÄ

Register now: https://t.co/mlPm5M2fgm
Join our Telegram commu‚Ä¶",2018-05-05 13:26:00
9.93E+17,"RT @tihosay: Pre - ICO will begin April 15th, 2018 at 10:00 UTC.

https://t.co/guLMSGZZn7
https://t.co/ZSQarBXSSy

#tihosay #ICO #blockchai‚Ä¶",2018-05-05 13:26:00
9.93E+17,RT @CryptoPanicCom: ‚¨Ü +10 Ethereum price breaks above $800.00 with strong Bullish trend https://t.co/EVDFqExHvT $ETH #ethereum #cryptocurre‚Ä¶,2018-05-05 13:15:00
9.93E+17,‚¨Ü +10 Ethereum price breaks above $800.00 with strong Bullish trend https://t.co/EVDFqExHvT $ETH #ethereum #cryptocurrency,2018-05-05 13:03:00
9.93E+17,"RT @Peurtoken: Crowdsale Phase 1 will begin in 5hours. Start 00:00 GMT+10 (Australia). Have
you already monetize your investment? Learn mor‚Ä¶",2018-05-05 12:33:00
9.93E+17,"RT @Peurtoken: Crowdsale Phase 1 will begin in 5hours. Start 00:00 GMT+10 (Australia). Have
you already monetize your investment? Learn mor‚Ä¶",2018-05-05 12:23:00
9.93E+17,"RT @Peurtoken: Crowdsale Phase 1 will begin in 5hours. Start 00:00 GMT+10 (Australia). Have
you already monetize your investment? Learn mor‚Ä¶",2018-05-05 12:03:00
9.93E+17,"ETC on #Kraken is now 19.10 #eur

(was 19.00 eur 6h ago / 0.53%)

#cryptocurrency #ticker #ETC",2018-05-05 11:57:00
9.93E+17,"RT @Peurtoken: Crowdsale Phase 1 will begin in 5hours. Start 00:00 GMT+10 (Australia). Have
you already monetize your investment? Learn mor‚Ä¶",2018-05-05 11:41:00
9.93E+17,"RT @Peurtoken: Crowdsale Phase 1 will begin in 5hours. Start 00:00 GMT+10 (Australia). Have
you already monetize your investment? Learn mor‚Ä¶",2018-05-05 11:18:00
9.93E+17,"1 Bitcoin ( #BTC )
Dollar: 9909.99$ 

1 Bitcoin Cash ( #BCH )
Dollar: 1,666.00$ 

1 Ethereum ( #ETH )
Dollar: 815.6‚Ä¶ https://t.co/X0yZ6cTqnk",2018-05-05 10:47:00
9.93E+17,"RT @Peurtoken: Crowdsale Phase 1 will begin in 5hours. Start 00:00 GMT+10 (Australia). Have
you already monetize your investment? Learn mor‚Ä¶",2018-05-05 10:16:00
9.93E+17,"RT @Peurtoken: Crowdsale Phase 1 will begin in 5hours. Start 00:00 GMT+10 (Australia). Have
you already monetize your investment? Learn mor‚Ä¶",2018-05-05 08:04:00
9.93E+17,"RT @Peurtoken: Crowdsale Phase 1 will begin in 5hours. Start 00:00 GMT+10 (Australia). Have
you already monetize your investment? Learn mor‚Ä¶",2018-05-05 07:18:00
9.93E+17,"RT @tihosay: üöÄ Pre-ICO will begin April 15th, 2018 at 10:00 UTC üöÄ
Register now: https://t.co/WvI1G4dfZC

#tihosay #ICO #blockchain #Crypto‚Ä¶",2018-05-05 07:08:00
9.93E+17,"RT @tihosay: üöÄ Starts in 4 days.. Pre-ICO will begin April 15th, 2018 at 10:00 UTC. 40% BONUS üöÄ

Register now: https://t.co/gS31OE4gss

#ti‚Ä¶",2018-05-05 06:49:00
9.93E+17,$95.00 ASIC Miner Block Erupter Blade 10.7 Gh/s Crypto Currency Miner  #cryptocurrency #miner‚Ä¶ https://t.co/1FbmTwhb7b,2018-05-05 06:47:00
9.93E+17,"RT @Peurtoken: Crowdsale Phase 1 will begin in 5hours. Start 00:00 GMT+10 (Australia). Have
you already monetize your investment? Learn mor‚Ä¶",2018-05-05 06:46:00
9.93E+17,"RT @Peurtoken: Crowdsale Phase 1 will begin in 5hours. Start 00:00 GMT+10 (Australia). Have
you already monetize your investment? Learn mor‚Ä¶",2018-05-05 06:40:00
9.93E+17,"RT @Peurtoken: Crowdsale Phase 1 will begin in 5hours. Start 00:00 GMT+10 (Australia). Have
you already monetize your investment? Learn mor‚Ä¶",2018-05-05 05:53:00
9.93E+17,"RT @Peurtoken: Crowdsale Phase 1 will begin in 5hours. Start 00:00 GMT+10 (Australia). Have
you already monetize your investment? Learn mor‚Ä¶",2018-05-05 05:52:00
9.93E+17,"RT @Peurtoken: Crowdsale Phase 1 will begin in 5hours. Start 00:00 GMT+10 (Australia). Have
you already monetize your investment? Learn mor‚Ä¶",2018-05-05 05:35:00
9.93E+17,"RT @tihosay: üöÄ Pre-ICO will begin April 15th, 2018 at 10:00 UTC. 40% BONUS üöÄ

Register now: https://t.co/mlPm5M2fgm
Join our Telegram commu‚Ä¶",2018-05-05 05:15:00
9.93E+17,"RT @Peurtoken: Crowdsale Phase 1 will begin in 5hours. Start 00:00 GMT+10 (Australia). Have
you already monetize your investment? Learn mor‚Ä¶",2018-05-05 03:36:00
9.93E+17,"RT @Peurtoken: Crowdsale Phase 1 will begin in 5hours. Start 00:00 GMT+10 (Australia). Have
you already monetize your investment? Learn mor‚Ä¶",2018-05-05 01:39:00
9.93E+17,"RT @Peurtoken: Crowdsale Phase 1 will begin in 5hours. Start 00:00 GMT+10 (Australia). Have
you already monetize your investment? Learn mor‚Ä¶",2018-05-05 01:38:00
9.93E+17,"$BTC : +0.41%üìà 9750$
Top (last h):
$BLITZ : +18.97%üìà 4347st
$CANDY : +17.00%üìà 4st
$IDT : +10.69%üìà 699st
$UBTC : +8.‚Ä¶ https://t.co/0JEMdGPxYb",2018-05-05 01:00:00
9.93E+17,"RT @Peurtoken: Crowdsale Phase 1 will begin in 5hours. Start 00:00 GMT+10 (Australia). Have
you already monetize your investment? Learn mor‚Ä¶",2018-05-05 00:14:00
9.93E+17,LOVE @IcenterCo üî• 10% MODE IS ON! üî•FROM NOW and for the Next 10 hours (6:00 GMT+1 UK Time of 7th of May 2018) EVERY‚Ä¶ https://t.co/2Yzoe5qzz0,2018-05-06 19:15:00
9.93E+17,"RT @PEP_Network: üî•Only 3 days leftüî•
üîîWe want to announce that the Next AMA (Ask Me Anything) session will be organized at 10:30 UTC (which‚Ä¶",2018-05-06 17:36:00
9.93E+17,"RT @tihosay: üöÄ Pre-ICO will begin April 15th, 2018 at 10:00 UTC. 40% BONUS üöÄ

Register now: https://t.co/mlPm5M2fgm
Join our Telegram commu‚Ä¶",2018-05-06 17:33:00
9.93E+17,"RT @Sumokoin_tweet: Hey $sumo community! Only a few hours left! Support us to get listed on @IndodaxOfficial and give us your votes! 

The‚Ä¶",2018-05-06 15:34:00
9.93E+17,"RT @Sumokoin_tweet: Hey $sumo community! Only a few hours left! Support us to get listed on @IndodaxOfficial and give us your votes! 

The‚Ä¶",2018-05-06 15:11:00
9.93E+17,"RT @Sumokoin_tweet: Hey $sumo community! Only a few hours left! Support us to get listed on @IndodaxOfficial and give us your votes! 

The‚Ä¶",2018-05-06 14:46:00
9.93E+17,"RT @Sumokoin_tweet: Hey $sumo community! Only a few hours left! Support us to get listed on @IndodaxOfficial and give us your votes! 

The‚Ä¶",2018-05-06 14:31:00
9.93E+17,"RT @Sumokoin_tweet: Hey $sumo community! Only a few hours left! Support us to get listed on @IndodaxOfficial and give us your votes! 

The‚Ä¶",2018-05-06 14:17:00
9.93E+17,"RT @Sumokoin_tweet: Hey $sumo community! Only a few hours left! Support us to get listed on @IndodaxOfficial and give us your votes! 

The‚Ä¶",2018-05-06 13:43:00
9.93E+17,"RT @Sumokoin_tweet: Hey $sumo community! Only a few hours left! Support us to get listed on @IndodaxOfficial and give us your votes! 

The‚Ä¶",2018-05-06 13:32:00
9.93E+17,"RT @Sumokoin_tweet: Hey $sumo community! Only a few hours left! Support us to get listed on @IndodaxOfficial and give us your votes! 

The‚Ä¶",2018-05-06 13:26:00
9.93E+17,"RT @tihosay: Tihosay Pre-ICO will begin April 15th,2018 at 10:00:00 UTC.

https://t.co/guLMSGZZn7
https://t.co/ZSQarBXSSy

#tihosay #ICO #b‚Ä¶",2018-05-06 13:20:00
9.93E+17,"RT @Sumokoin_tweet: Hey $sumo community! Only a few hours left! Support us to get listed on @IndodaxOfficial and give us your votes! 

The‚Ä¶",2018-05-06 13:11:00
9.93E+17,"RT @Sumokoin_tweet: Hey $sumo community! Only a few hours left! Support us to get listed on @IndodaxOfficial and give us your votes! 

The‚Ä¶",2018-05-06 12:36:00
9.93E+17,"RT @Sumokoin_tweet: Hey $sumo community! Only a few hours left! Support us to get listed on @IndodaxOfficial and give us your votes! 

The‚Ä¶",2018-05-06 12:22:00
9.93E+17,"RT @Sumokoin_tweet: Hey $sumo community! Only a few hours left! Support us to get listed on @IndodaxOfficial and give us your votes! 

The‚Ä¶",2018-05-06 12:11:00
9.93E+17,"RT @ICO_Analytics: PCHAIN Whitelist/KYC applications will be closed at 18:00 on May 10, 2018 (GMT+8, Singapore time).
Join our Telegram gro‚Ä¶",2018-05-06 11:31:00
9.93E+17,"RT @Sumokoin_tweet: Hey $sumo community! Only a few hours left! Support us to get listed on @IndodaxOfficial and give us your votes! 

The‚Ä¶",2018-05-06 11:28:00
9.93E+17,"RT @Sumokoin_tweet: Hey $sumo community! Only a few hours left! Support us to get listed on @IndodaxOfficial and give us your votes! 

The‚Ä¶",2018-05-06 11:23:00
9.93E+17,"RT @Sumokoin_tweet: Hey $sumo community! Only a few hours left! Support us to get listed on @IndodaxOfficial and give us your votes! 

The‚Ä¶",2018-05-06 11:22:00
9.93E+17,"RT @Sumokoin_tweet: Hey $sumo community! Only a few hours left! Support us to get listed on @IndodaxOfficial and give us your votes! 

The‚Ä¶",2018-05-06 11:19:00
9.93E+17,"RT @Sumokoin_tweet: Hey $sumo community! Only a few hours left! Support us to get listed on @IndodaxOfficial and give us your votes! 

The‚Ä¶",2018-05-06 11:17:00
9.93E+17,RT @litenettcom: With an audience of 10 million per month (120 million per year) at a rate of ‚Ç¨ 3.0 per user - the profit will be ‚Ç¨ 360 000‚Ä¶,2018-05-06 11:15:00
9.93E+17,"RT @Sumokoin_tweet: Hey $sumo community! Only a few hours left! Support us to get listed on @IndodaxOfficial and give us your votes! 

The‚Ä¶",2018-05-06 11:14:00
9.93E+17,Hey $sumo community! Only a few hours left! Support us to get listed on @IndodaxOfficial and give us your votes!‚Ä¶ https://t.co/FYwb8x680D,2018-05-06 11:14:00
9.93E+17,"PCHAIN Whitelist/KYC applications will be closed at 18:00 on May 10, 2018 (GMT+8, Singapore time).
Join our Telegra‚Ä¶ https://t.co/aD2QXHOQ0u",2018-05-06 10:25:00
9.93E+17,"Sniper Trade BUY Alert #QLC #BTC 

Symbol Pair : QLCBTC

Binance 1 Hour Chart - 5/6/2018 10:00:00 AM UTC
Price : 0.‚Ä¶ https://t.co/xkO8mzDfVt",2018-05-06 10:00:00
9.93E+17,"RT @tihosay: üöÄ Pre-ICO will begin April 15th, 2018 at 10:00 UTC. 40% BONUS üöÄ

Register now: https://t.co/mlPm5M2fgm
Join our Telegram commu‚Ä¶",2018-05-06 08:20:00
9.93E+17,RT @litenettcom: With an audience of 10 million per month (120 million per year) at a rate of ‚Ç¨ 3.0 per user - the profit will be ‚Ç¨ 360 000‚Ä¶,2018-05-06 08:07:00
9.93E+17,"RT @tihosay: Pre - ICO will begin April 15th, 2018 at 10:00 UTC.

https://t.co/guLMSGZZn7
https://t.co/ZSQarBXSSy

#tihosay #ICO #blockchai‚Ä¶",2018-05-06 07:48:00
9.93E+17,RT @litenettcom: With an audience of 10 million per month (120 million per year) at a rate of ‚Ç¨ 3.0 per user - the profit will be ‚Ç¨ 360 000‚Ä¶,2018-05-06 07:21:00
9.93E+17,"#Cryptos: 

#BTC 9759.65$ | 8152.40‚Ç¨
#XRP 0.89$ | 0.74‚Ç¨
#ETH 799.57$ | 667.89‚Ç¨
#LTC 172.39$ | 144.00‚Ç¨
#DASH 496.89$‚Ä¶ https://t.co/KbOZrcD8Ts",2018-05-06 06:12:00
9.93E+17,"RT @tihosay: üöÄ Pre-ICO will begin April 15th, 2018 at 10:00 UTC üöÄ
Register now: https://t.co/WvI1G4dfZC

#tihosay #ICO #blockchain #Crypto‚Ä¶",2018-05-06 04:17:00
9.93E+17,"#crypto price changes last 12 hours

üöÄ
$PPC +12.00%
$XDN +11.20%
$BITB +9.90%

üåßÔ∏è
$BLITZ -10.28%
$CRW -7.88%
$XMG -‚Ä¶ https://t.co/XM6z2i9vac",2018-05-06 00:05:00
9.94E+17,"EUR on #Coinbase is now 0.001586697 #eth

(was 0.001619092 eur 6h ago / -2.00%)

#cryptocurrency #ticker #ETH",2018-05-07 23:58:00
9.94E+17,20% BONUS is available for Stage II. Minimum Contribution 50$  !!!!!!! Free card is included for contribution over‚Ä¶ https://t.co/tyGE4UfpwA,2018-05-07 23:56:00
9.94E+17,"#Cryptos: 

#BTC 9364.47$ | 7847.38‚Ç¨
#XRP 0.83$ | 0.70‚Ç¨
#ETH 751.25$ | 629.54‚Ç¨
#LTC 164.44$ | 137.80‚Ç¨
#DASH 458.03$‚Ä¶ https://t.co/sf2eWeCXKK",2018-05-07 23:51:00
9.94E+17,"RT @coinpricenow: 1 Bitcoin ( #BTC )
Dollar: 9387.37$ 

1 Bitcoin Cash ( #BCH )
Dollar: 1,670.00$ 

1 Ethereum ( #ETH )
Dollar: 757.17$ 

1‚Ä¶",2018-05-07 23:50:00
9.94E+17,"RT @RandolphMlny: #Bitcoin #Satoshi #Earn_Money #cryptocurrency #blockchain #Airdrop
New Airdrop #COSS üì¢

COSS Trading promo with 1,000,000‚Ä¶",2018-05-07 23:46:00
9.94E+17,"RT @hashcard: 20% BONUS is available for Stage II. Minimum Contribution 50$

!!!!!!! Free card is included for contribution over $100.00 !!‚Ä¶",2018-05-07 23:43:00
9.94E+17,"RT @MovesOnBinance: 1,000.00 $ETH #giveaway!

Like
Retweet
Follow @MovesOnBinance
Comment your #ethereum address

Tags: #Verge #Blockchain‚Ä¶",2018-05-07 23:21:00
9.94E+17,"RT @MovesOnBinance: 1,000.00 $ETH #giveaway!

Like
Retweet
Follow @MovesOnBinance
Comment your #ethereum address

Tags: #Verge #Blockchain‚Ä¶",2018-05-07 23:18:00
9.94E+17,"RT @hashcard: 20% BONUS is available for Stage II. Minimum Contribution 50$

!!!!!!! Free card is included for contribution over $100.00 !!‚Ä¶",2018-05-07 23:17:00
9.94E+17,"#cryptocurrency Price Analysis for #Bitsend #BSD : ‚¨áÔ∏è
Last Hour Change : -1.26 % || 08-05-2018 01:00
Price in #USD‚Ä¶ https://t.co/ONwkFDuJZQ",2018-05-07 23:00:00
9.94E+17,"#Cryptos: 

#BTC 9338.56$ | 7825.67‚Ç¨
#XRP 0.83$ | 0.69‚Ç¨
#ETH 741.19$ | 621.12‚Ç¨
#LTC 163.69$ | 137.17‚Ç¨
#DASH 458.06$‚Ä¶ https://t.co/QrNg5ECuSm",2018-05-07 22:51:00
9.94E+17,"RT @hashcard: 20% BONUS is available for Stage II. Minimum Contribution 50$

!!!!!!! Free card is included for contribution over $100.00 !!‚Ä¶",2018-05-07 22:45:00
9.94E+17,"RT @KushMansPicks: WHAT TIME IS IT? It's time for:
THE AFTER MARKET #BLOCKCHAIN/#CRYPTO BOTTOM FISH PICK UPDATE 

*Trading For $1.00 or Les‚Ä¶",2018-05-07 22:44:00
9.94E+17,"#cryptocurrency Price Analysis for #Bitsend #BSD : ‚¨áÔ∏è
Last Hour Change : -0.59 % || 08-05-2018 00:30
Price in #USD‚Ä¶ https://t.co/y0crDE7QuC",2018-05-07 22:30:00
9.94E+17,"#Cryptos: 

#BTC 9375.11$ | 7856.30‚Ç¨
#XRP 0.84$ | 0.70‚Ç¨
#ETH 751.80$ | 630.00‚Ç¨
#LTC 165.60$ | 138.78‚Ç¨
#DASH 461.29$‚Ä¶ https://t.co/miXoigRJWG",2018-05-07 22:21:00
9.94E+17,"RT @hashcard: 20% BONUS is available for Stage II. Minimum Contribution 50$

!!!!!!! Free card is included for contribution over $100.00 !!‚Ä¶",2018-05-07 22:20:00
9.94E+17,"RT @hashcard: 20% BONUS is available for Stage II. Minimum Contribution 50$

!!!!!!! Free card is included for contribution over $100.00 !!‚Ä¶",2018-05-07 22:11:00
9.94E+17,"Earning #cryptocurrency for selling my stuff on @Listia! Join me using code ""DNZBDD"" for an extra 25 XNK. I just li‚Ä¶ https://t.co/FK4AqmJOY8",2018-05-07 22:07:00
9.94E+17,"Current Crypto Market Cap: $442,906,848,992.00 | 24hr Volume: $26,244,088,405.00 | Top Performer 24hr: BitcoinDark‚Ä¶ https://t.co/BlgnEsvvIK",2018-05-07 22:01:00
9.94E+17,"#cryptocurrency Price Analysis for #Bitsend #BSD : 
Last Hour Change : 0.47 % || 08-05-2018 00:00
Price in #USD : 0‚Ä¶ https://t.co/9aQeFcetCj",2018-05-07 22:00:00
9.94E+17,"RT @MovesOnBinance: 1,000.00 $ETH #giveaway!

Like
Retweet
Follow @MovesOnBinance
Comment your #ethereum address

Tags: #Verge #Blockchain‚Ä¶",2018-05-07 21:53:00
9.94E+17,"1 Bitcoin ( #BTC )
Dollar: 9387.37$ 

1 Bitcoin Cash ( #BCH )
Dollar: 1,670.00$ 

1 Ethereum ( #ETH )
Dollar: 757.1‚Ä¶ https://t.co/Mf1wa0Ks9u",2018-05-07 21:46:00
9.94E+17,"RT @streamityorg: Check our webinars on trading and cryptocurrency! 
here:üëâ https://t.co/G0c5tz6fTt
Today the main topic is - ""Risk and mon‚Ä¶",2018-05-07 21:26:00
9.94E+17,"RT @hashcard: 20% BONUS is available for Stage II. Minimum Contribution 50$

!!!!!!! Free card is included for contribution over $100.00 !!‚Ä¶",2018-05-07 21:18:00
9.94E+17,"#crypto price changes last hour

üöÄ
$SWIFT +3.72%
$MLN +3.42%
$NLG +2.84%

üåßÔ∏è
$RBY -3.01%
$GOLOS -3.00%
$ADT -2.93%

#bitcoin #cryptocurrency",2018-05-07 21:01:00
9.94E+17,"RT @DriveroOfficial: 4 DAYS LEFT.

PRE-ICO: 2018.02.19 18:00
40% BONUS!

#DRIVERO #PreICO #cryptocurrency #platform #CarSharing #Europe #to‚Ä¶",2018-05-07 21:01:00
9.94E+17,"#cryptocurrency Price Analysis for #Bitsend #BSD : 
Last Hour Change : 0.39 % || 07-05-2018 23:00
Price in #USD : 0‚Ä¶ https://t.co/MyNkkbsUpF",2018-05-07 21:00:00
9.94E+17,"√öltimo: R$ 34.742,50 ‚ñ≤ 
Alta: R$ 34.977,73 ‚ñº 
Baixa: R$ 33.800,00 ‚ñº 
Volume: 220.04808708 BTC ‚ñ≤ 
Taxa 30min: 25 sat‚Ä¶ https://t.co/Yl9cxSBVIq",2018-05-07 21:00:00
9.94E+17,"RT @hashcard: 20% BONUS is available for Stage II. Minimum Contribution 50$

!!!!!!! Free card is included for contribution over $100.00 !!‚Ä¶",2018-05-07 20:57:00
9.94E+17,"RT @hashcard: 20% BONUS is available for Stage II. Minimum Contribution 50$

!!!!!!! Free card is included for contribution over $100.00 !!‚Ä¶",2018-05-07 20:25:00
9.94E+17,"WHAT TIME IS IT? It's time for:
THE AFTER MARKET #BLOCKCHAIN/#CRYPTO BOTTOM FISH PICK UPDATE 

*Trading For $1.00 o‚Ä¶ https://t.co/NSndo51Gut",2018-05-07 20:21:00
9.94E+17,"#Cryptos: 

#BTC 9446.00$ | 7915.70‚Ç¨
#XRP 0.84$ | 0.70‚Ç¨
#ETH 757.34$ | 634.65‚Ç¨
#LTC 166.22$ | 139.29‚Ç¨
#DASH 463.00$‚Ä¶ https://t.co/wLFIMliXaM",2018-05-07 20:20:00
9.94E+17,BOUGHT [ #LTCBTC | #bitfinex | Price: 0.01760300 | Time: 2018-05-07 20:03:09 ] Uptime: 00:22 | #BTC #LTC #trading #cryptocurrency #bitcoin,2018-05-07 20:03:00
9.94E+17,"#cryptocurrency Price Analysis for #Bitsend #BSD : 
Last Hour Change : 0.18 % || 07-05-2018 22:00
Price in #USD : 0‚Ä¶ https://t.co/phfqrkySqg",2018-05-07 20:00:00
9.94E+17,"RT @hashcard: 20% BONUS is available for Stage II. Minimum Contribution 50$

!!!!!!! Free card is included for contribution over $100.00 !!‚Ä¶",2018-05-07 19:57:00
9.94E+17,"#Cryptos: 

#BTC 9452.25$ | 7920.94‚Ç¨
#XRP 0.84$ | 0.70‚Ç¨
#ETH 758.00$ | 635.20‚Ç¨
#LTC 166.50$ | 139.52‚Ç¨
#DASH 462.67$‚Ä¶ https://t.co/L5XWOkMWMU",2018-05-07 19:50:00
9.94E+17,"RT @XVGDolphin: The wallets are estimated to contain around $800,000.00 worth of cryptocurrency. #vergecurrency $XVG #bitcoin $BTC #btc #tp‚Ä¶",2018-05-07 19:47:00
9.94E+17,"RT @XVGDolphin: The wallets are estimated to contain around $800,000.00 worth of cryptocurrency. #vergecurrency $XVG #bitcoin $BTC #btc #tp‚Ä¶",2018-05-07 19:46:00
9.94E+17,"1 Bitcoin ( #BTC )
Dollar: 9433.18$ 

1 Bitcoin Cash ( #BCH )
Dollar: 1,664.30$ 

1 Ethereum ( #ETH )
Dollar: 759.0‚Ä¶ https://t.co/lbA4AvdreV",2018-05-07 19:46:00
9.94E+17,"RT @coin_sight: #Cryptos: 

#BTC 9390.16$ | 7868.91‚Ç¨
#XRP 0.83$ | 0.70‚Ç¨
#ETH 746.57$ | 625.62‚Ç¨
#LTC 164.20$ | 137.60‚Ç¨
#DASH 459.00$ | 384.6‚Ä¶",2018-05-07 19:22:00
9.94E+17,"RT @hashcard: 20% BONUS is available for Stage II. Minimum Contribution 50$

!!!!!!! Free card is included for contribution over $100.00 !!‚Ä¶",2018-05-07 19:14:00
9.94E+17,"#Cryptos: 

#BTC 9390.16$ | 7868.91‚Ç¨
#XRP 0.83$ | 0.70‚Ç¨
#ETH 746.57$ | 625.62‚Ç¨
#LTC 164.20$ | 137.60‚Ç¨
#DASH 459.00$‚Ä¶ https://t.co/s8EqyF68e8",2018-05-07 19:05:00
9.94E+17,RT @AirdropFaucet: Current price of Bitcoin is $9600.00 Lets turn $1 into $1000! #Follow #Retweet and #Like for a chance to win our #Crypto‚Ä¶,2018-05-07 19:00:00
9.94E+17,"RT @tihosay: Tihosay Pre-ICO will begin April 15th,2018 at 10:00:00 UTC.

https://t.co/guLMSGZZn7
https://t.co/ZSQarBXSSy

#tihosay #ICO #b‚Ä¶",2018-05-07 18:53:00
9.94E+17,"Hospitality Host - Central London - ¬£18,000 (¬£9.00 ph) plus overtime - [ üìã More Info  https://t.co/ZpdebWcJnV ]‚Ä¶ https://t.co/d90qy58HZc",2018-05-07 18:41:00
9.94E+17,"Check out the new coin @SafeNodes with POW, POS 3.0 and MN. Superfast and truly anonymous transactions and the new‚Ä¶ https://t.co/tIezJHBFHi",2018-05-07 18:41:00
9.94E+17,"RT @hashcard: 20% BONUS is available for Stage II. Minimum Contribution 50$

!!!!!!! Free card is included for contribution over $100.00 !!‚Ä¶",2018-05-07 18:38:00
9.94E+17,"RT @hashcard: 20% BONUS is available for Stage II. Minimum Contribution 50$

!!!!!!! Free card is included for contribution over $100.00 !!‚Ä¶",2018-05-07 18:34:00
9.94E+17,"20% BONUS is available for Stage II. Minimum Contribution 50$

!!!!!!! Free card is included for contribution over‚Ä¶ https://t.co/LuUvgeDwId",2018-05-07 18:33:00
9.94E+17,"RT @MovesOnBinance: 1,000.00 $ETH #giveaway!

Like
Retweet
Follow @MovesOnBinance
Comment your #ethereum address

Tags: #Verge #Blockchain‚Ä¶",2018-05-07 18:27:00
9.94E+17,"20% BONUS is available for Stage II. Minimum Contribution 50$

!!!!!!! Free card is included for contribution over‚Ä¶ https://t.co/CJOIfHbdhY",2018-05-07 18:17:00
9.94E+17,"–ê–Ω–∞–ª–∏–∑ —Ä—ã–Ω–∫–∞ –∫—Ä–∏–ø—Ç–æ–≤–∞–ª—é—Ç –Ω–∞ 7 –º–∞—è 2018

–ù–∞—á–∞–ª–æ –Ω–æ–≤–æ–π –Ω–µ–¥–µ–ª–∏ –æ–∫–∞–∑–∞–ª–æ—Å—å –¥–∞–ª–µ–∫–æ –Ω–µ –ª—É—á—à–∏–º –¥–ª—è –∫—Ä–∏–ø—Ç–æ–≤–∞–ª—é—Ç–Ω–æ–≥–æ —Ä—ã–Ω–∫–∞. –í‚Ä¶ https://t.co/dgohIFloLm",2018-05-07 18:00:00
9.94E+17,"√öltimo: R$ 34.201,10 ‚ñ≤ 
Alta: R$ 35.026,19 ‚ñº 
Baixa: R$ 33.800,00 ‚ñº 
Volume: 193.90092246 BTC ‚ñ≤ 
Taxa 30min: 45 sat‚Ä¶ https://t.co/WJvxZz9Iww",2018-05-07 18:00:00
9.94E+17,"#cryptocurrency Price Analysis for #Bitsend #BSD : ‚¨áÔ∏è
Last Hour Change : -0.0 % || 07-05-2018 20:00
Price in #USD :‚Ä¶ https://t.co/WVWlBlIz5z",2018-05-07 18:00:00
9.94E+17,"RT @hashcard: 20% BONUS is available for Stage II. Minimum Contribution 50$

!!!!!!! Free card is included for contribution over $100.00 !!‚Ä¶",2018-05-07 17:55:00
9.94E+17,"RT @hashcard: 20% BONUS is available for Stage II. Minimum Contribution 50$

!!!!!!! Free card is included for contribution over $100.00 !!‚Ä¶",2018-05-07 17:51:00
9.94E+17,"RT @DriveroOfficial: 3 DAYS LEFT.

PRE-ICO: 2018.02.19 18:00
40% BONUS!
INVEST 1 ETH GET 2800 DRV TOKENS!

https://t.co/ahNnTQzD9p

#DRIVER‚Ä¶",2018-05-07 17:47:00
9.94E+17,"RT @hashcard: 20% BONUS is available for Stage II. Minimum Contribution 50$

!!!!!!! Free card is included for contribution over $100.00 !!‚Ä¶",2018-05-07 17:18:00
9.94E+17,"RT @hashcard: 20% BONUS is available for Stage II. Minimum Contribution 50$

!!!!!!! Free card is included for contribution over $100.00 !!‚Ä¶",2018-05-07 17:16:00
9.94E+17,"The contribution window for the upcoming trading period closes in less than an hour at 18:00 UTC, May 7.

#bitcoin‚Ä¶ https://t.co/FiB7OL0A8f",2018-05-07 17:11:00
9.94E+17,"#cryptocurrency Price Analysis for #Bitsend #BSD : ‚¨áÔ∏è
Last Hour Change : -0.23 % || 07-05-2018 19:00
Price in #USD‚Ä¶ https://t.co/RWpz87cqwO",2018-05-07 17:00:00
9.94E+17,"RT @streamityorg: Be ready to watch the new free educational webinar 
""ICO and the difference from IPO"" Everyone is welcome
Follow the link‚Ä¶",2018-05-07 16:52:00
9.94E+17,"RT @hashcard: 20% BONUS is available for Stage II. Minimum Contribution 50$

!!!!!!! Free card is included for contribution over $100.00 !!‚Ä¶",2018-05-07 16:34:00
9.94E+17,"WHAT TIME IS IT? It's time for:
THE LUNCHTIME #BLOCKCHAIN/#CRYPTO BOTTOM FISH PICK UPDATE 

*Trading For $1.00 or L‚Ä¶ https://t.co/RpJJsJvuwT",2018-05-07 16:30:00
9.94E+17,RT @AirdropFaucet: Current price of Bitcoin is $9600.00 Lets turn $1 into $1000! #Follow #Retweet and #Like for a chance to win our #Crypto‚Ä¶,2018-05-07 16:29:00
9.94E+17,"RT @DriveroOfficial: #cryptocurrency #Drivero #carsharing #PreICO

Prizzes again! WIN 1 hour FREE ride with BMW M5.

PRE-ICO 2018.02.19 18:‚Ä¶",2018-05-07 16:29:00
9.94E+17,"RT @DriveroOfficial: 4 DAYS LEFT.

PRE-ICO: 2018.02.19 18:00
40% BONUS!

#DRIVERO #PreICO #cryptocurrency #platform #CarSharing #Europe #to‚Ä¶",2018-05-07 16:29:00
9.94E+17,"RT @XVGDolphin: The wallets are estimated to contain around $800,000.00 worth of cryptocurrency. #vergecurrency $XVG #bitcoin $BTC #btc #tp‚Ä¶",2018-05-07 16:24:00
9.94E+17,"RT @banebukumiric: https://t.co/75MEvpByXQ U ‚Ä¶ petak, 11. decembra od 20.00, u Dvorani Doma sindikata Rambo Amadeus promovisaƒáe novi album‚Ä¶",2018-05-07 16:22:00
9.94E+17,"RT @MovesOnBinance: 1,000.00 $ETH #giveaway!

Like
Retweet
Follow @MovesOnBinance
Comment your #ethereum address

Tags: #Verge #Blockchain‚Ä¶",2018-05-07 16:21:00
9.94E+17,"RT @streamityorg: Be ready to watch the new free educational webinar 
""ICO and the difference from IPO"" Everyone is welcome
Follow the link‚Ä¶",2018-05-07 16:14:00
9.94E+17,"RT @MovesOnBinance: 1,000.00 $ETH #giveaway!

Like
Retweet
Follow @MovesOnBinance
Comment your #ethereum address

Tags: #Verge #Blockchain‚Ä¶",2018-05-07 16:14:00
9.94E+17,"RT @MovesOnBinance: 1,000.00 $ETH #giveaway!

Like
Retweet
Follow @MovesOnBinance
Comment your #ethereum address

Tags: #Verge #Blockchain‚Ä¶",2018-05-07 16:07:00
9.94E+17,"#cryptocurrency Price Analysis for #Bitsend #BSD : 
Last Hour Change : 0.73 % || 07-05-2018 18:00
Price in #USD : 0‚Ä¶ https://t.co/ueMcavtMFo",2018-05-07 16:00:00
9.94E+17,"RT @MovesOnBinance: 1,000.00 $ETH #giveaway!

Like
Retweet
Follow @MovesOnBinance
Comment your #ethereum address

Tags: #Verge #Blockchain‚Ä¶",2018-05-07 15:54:00
9.94E+17,"RT @hashcard: 20% BONUS is available for Stage II. Minimum Contribution 50$

!!!!!!! Free card is included for contribution over $100.00 !!‚Ä¶",2018-05-07 15:47:00
9.94E+17,"RT @hashcard: 20% BONUS is available for Stage II. Minimum Contribution 50$

!!!!!!! Free card is included for contribution over $100.00 !!‚Ä¶",2018-05-07 15:44:00
9.94E+17,"RT @MovesOnBinance: 1,000.00 $ETH #giveaway!

Like
Retweet
Follow @MovesOnBinance
Comment your #ethereum address

Tags: #Verge #Blockchain‚Ä¶",2018-05-07 15:36:00
9.94E+17,"RT @DriveroOfficial: 4 DAYS LEFT.

PRE-ICO: 2018.02.19 18:00
40% BONUS!

#DRIVERO #PreICO #cryptocurrency #platform #CarSharing #Europe #to‚Ä¶",2018-05-07 15:34:00
9.94E+17,"RT @TheCryptoTimes_: Ethereum Breaks Back Above $800.00 And Looks Set To Keep Rising üìà
#ethereum #bitcoin #btc #blockchain #cryptocurrency‚Ä¶",2018-05-07 15:29:00
9.94E+17,"1,000.00 $ETH #giveaway!

Like
Retweet
Follow @MovesOnBinance
Comment your #ethereum address

Tags: #Verge‚Ä¶ https://t.co/TFPRG7xgAc",2018-05-07 15:24:00
9.94E+17,"RT @hashcard: 20% BONUS is available for Stage II. Minimum Contribution 50$

!!!!!!! Free card is included for contribution over $100.00 !!‚Ä¶",2018-05-07 15:19:00
9.94E+17,"√öltimo: R$ 33.902,00 ‚ñº 
Alta: R$ 35.081,57 ‚ñº 
Baixa: R$ 33.800,00 ‚ñº 
Volume: 153.46508445 BTC ‚ñ≤ 
Taxa 30min: 50 sat‚Ä¶ https://t.co/umNUtk3gSG",2018-05-07 15:00:00
9.94E+17,"#cryptocurrency Price Analysis for #Bitsend #BSD : ‚¨áÔ∏è
Last Hour Change : -0.02 % || 07-05-2018 17:00
Price in #USD‚Ä¶ https://t.co/qwmpLJp2jA",2018-05-07 15:00:00
9.94E+17,"ETC on #Kraken is now 19.17 #eur

(was 20.00 eur 6h ago / -4.15%)

#cryptocurrency #ticker #ETC",2018-05-07 14:57:00
9.94E+17,"#Cryptos: 

#BTC 9310.64$ | 7812.72‚Ç¨
#XRP 0.82$ | 0.69‚Ç¨
#ETH 721.22$ | 605.19‚Ç¨
#LTC 160.77$ | 134.90‚Ç¨
#DASH 452.86$‚Ä¶ https://t.co/kAh3ITk5U2",2018-05-07 14:49:00
9.93E+17,"RT @hashcard: 20% BONUS is available for Stage II. Minimum Contribution 50$

!!!!!!! Free card is included for contribution over $100.00 !!‚Ä¶",2018-05-07 14:17:00
9.93E+17,"Sniper Trade BUY Alert $DASH $BTC 

Symbol Pair : DASHBTC

Binance 1 Hour Chart - 5/7/2018 2:00:00 PM UTC
Price : 0‚Ä¶ https://t.co/wPxQQZcUQK",2018-05-07 14:10:00
9.93E+17,"RT @XVGDolphin: The wallets are estimated to contain around $800,000.00 worth of cryptocurrency. #vergecurrency $XVG #bitcoin $BTC #btc #tp‚Ä¶",2018-05-07 14:05:00
9.93E+17,"Current Crypto Market Cap: $431,257,654,316.00 | 24hr Volume: $23,715,351,301.00 | Top Performer 24hr: BitcoinDark‚Ä¶ https://t.co/ClaYCf8RPS",2018-05-07 14:00:00
9.93E+17,"#cryptocurrency Price Analysis for #Bitsend #BSD : ‚¨áÔ∏è
Last Hour Change : -0.6 % || 07-05-2018 16:00
Price in #USD :‚Ä¶ https://t.co/nYc1j3ka8x",2018-05-07 14:00:00
9.93E+17,"RT @hashcard: 20% BONUS is available for Stage II. Minimum Contribution 50$

!!!!!!! Free card is included for contribution over $100.00 !!‚Ä¶",2018-05-07 13:57:00
9.93E+17,"RT @UTEMISUTS: üì¢ ICO 1st Period ends on April 1st, 2018 18:00 PM CET. #UTEMIS #blockchain #ethereum #bitcoin #cryptocurrency #CryptoNews #I‚Ä¶",2018-05-07 13:53:00
9.93E+17,"RT @hashcard: 20% BONUS is available for Stage II. Minimum Contribution 50$

!!!!!!! Free card is included for contribution over $100.00 !!‚Ä¶",2018-05-07 13:48:00
9.93E+17,"RT @hashcard: 20% BONUS is available for Stage II. Minimum Contribution 50$

!!!!!!! Free card is included for contribution over $100.00 !!‚Ä¶",2018-05-07 13:34:00
9.93E+17,"RT @baappay: Baappay &amp; PCCEX CryptoCurrency will be at Blockchain &amp; Cryptocurrency May 10th 2018 6:00-8:00

#baappay #cryptocurrency https:‚Ä¶",2018-05-07 13:23:00
9.93E+17,"RT @hashcard: 20% BONUS is available for Stage II. Minimum Contribution 50$

!!!!!!! Free card is included for contribution over $100.00 !!‚Ä¶",2018-05-07 13:10:00
9.93E+17,Current price of Bitcoin is $9323.00 via Chain #bitcoin #cryptocurrency https://t.co/yNdn8Vm9nw,2018-05-07 13:01:00
9.93E+17,RT @AirdropFaucet: Current price of Bitcoin is $9600.00 Lets turn $1 into $1000! #Follow #Retweet and #Like for a chance to win our #Crypto‚Ä¶,2018-05-07 13:01:00
9.93E+17,"#cryptocurrency Price Analysis for #Bitsend #BSD : ‚¨áÔ∏è
Last Hour Change : -0.32 % || 07-05-2018 15:00
Price in #USD‚Ä¶ https://t.co/IZaZcQ5PXC",2018-05-07 13:00:00
9.93E+17,"$BTC : +0.07%üìà 9347$
Top (last h):
$ELIX : +13.41%üìà 4279st
$XP : +12.83%üìà 2st
$IPC : +12.39%üìà 14176st
$TIPS : +11.0‚Ä¶ https://t.co/wAnczVZmrr",2018-05-07 13:00:00
9.93E+17,"RT @baappay: Baappay &amp; PCCEX CryptoCurrency will be at Blockchain &amp; Cryptocurrency May 10th 2018 6:00-8:00

#baappay #cryptocurrency https:‚Ä¶",2018-05-07 12:53:00
9.93E+17,"RT @hashcard: 20% BONUS is available for Stage II. Minimum Contribution 50$

!!!!!!! Free card is included for contribution over $100.00 !!‚Ä¶",2018-05-07 12:45:00
9.93E+17,"RT @hashcard: 20% BONUS is available for Stage II. Minimum Contribution 50$

!!!!!!! Free card is included for contribution over $100.00 !!‚Ä¶",2018-05-07 12:32:00
9.93E+17,"RT @tihosay: üöÄ Pre-ICO will begin April 15th, 2018 at 10:00 UTC üöÄ
Register now: https://t.co/WvI1G4dfZC

#tihosay #ICO #blockchain #Crypto‚Ä¶",2018-05-07 12:29:00
9.93E+17,"RT @hashcard: 20% BONUS is available for Stage II. Minimum Contribution 50$

!!!!!!! Free card is included for contribution over $100.00 !!‚Ä¶",2018-05-07 12:23:00
9.93E+17,"RT @coin_sight: #Cryptos: 

#BTC 9334.59$ | 7832.81‚Ç¨
#XRP 0.83$ | 0.69‚Ç¨
#ETH 733.22$ | 615.26‚Ç¨
#LTC 162.07$ | 136.00‚Ç¨
#DASH 457.78$ | 384.1‚Ä¶",2018-05-07 12:15:00
9.93E+17,"RT @hashcard: 20% BONUS is available for Stage II. Minimum Contribution 50$

!!!!!!! Free card is included for contribution over $100.00 !!‚Ä¶",2018-05-07 12:15:00
9.93E+17,"PIVX Critical Update - Mandatory PIVX Wallet Update by¬†May 8th 00:00 GMT
https://t.co/SJnB3Q9ubJ
@_pivx #pivx‚Ä¶ https://t.co/EHJDJpOebf",2018-05-07 12:11:00
9.93E+17,"RT @coinstreasure: üîäTwitter Influencer! 
Are you ready tO earn $1.00,$3,00,$5,00 per Tweets?!üí∞
Here the Live Campaign at https://t.co/y72aE‚Ä¶",2018-05-07 12:04:00
9.93E+17,"#Cryptos: 

#BTC 9334.59$ | 7832.81‚Ç¨
#XRP 0.83$ | 0.69‚Ç¨
#ETH 733.22$ | 615.26‚Ç¨
#LTC 162.07$ | 136.00‚Ç¨
#DASH 457.78$‚Ä¶ https://t.co/yu8whjH3xg",2018-05-07 12:03:00
9.93E+17,"√öltimo: R$ 34.000,00 ‚ñº 
Alta: R$ 35.081,57 ‚ñº 
Baixa: R$ 33.800,00 ‚ñº 
Volume: 137.7697329 BTC ‚ñº 
Taxa 30min: 30 sat/‚Ä¶ https://t.co/xcS3HaRMEB",2018-05-07 12:00:00
9.93E+17,"#cryptocurrency Price Analysis for #Bitsend #BSD : 
Last Hour Change : 0.2 % || 07-05-2018 14:00
Price in #USD : 0.‚Ä¶ https://t.co/k8WA6YGy9b",2018-05-07 12:00:00
9.93E+17,"RT @Exmo_Com: Ethiopia explores #blockchain role in tracking coffee exports
#EXMO #bitcoin #cryptocurrency https://t.co/faXmO1qsYm",2018-05-07 11:53:00
9.93E+17,RT @Exmo_Com: Rapid Transfer: the instant deposits on the platform without any additional registrations. What are the features of a new pay‚Ä¶,2018-05-07 11:53:00
9.93E+17,"RT @hashcard: 20% BONUS is available for Stage II. Minimum Contribution 50$

!!!!!!! Free card is included for contribution over $100.00 !!‚Ä¶",2018-05-07 11:44:00
9.93E+17,"#FTC launches free workshop on #cryptocurrency scams - June 25th, 1:00 pm CT at @DePaulU https://t.co/1z1CVNKeam‚Ä¶ https://t.co/xgdUqxnkcx",2018-05-07 11:41:00
9.93E+17,"RT @hashcard: 20% BONUS is available for Stage II. Minimum Contribution 50$

!!!!!!! Free card is included for contribution over $100.00 !!‚Ä¶",2018-05-07 11:38:00
9.93E+17,"RT @hashcard: 20% BONUS is available for Stage II. Minimum Contribution 50$

!!!!!!! Free card is included for contribution over $100.00 !!‚Ä¶",2018-05-07 11:11:00
9.93E+17,Credible anonymous sources report that 86.34% of all tweets are composed under the influence of alcohol.  Be advise‚Ä¶ https://t.co/CHpYnHhdBW,2018-05-07 11:00:00
9.93E+17,"#cryptocurrency Price Analysis for #Bitsend #BSD : ‚¨áÔ∏è
Last Hour Change : -0.02 % || 07-05-2018 13:00
Price in #USD‚Ä¶ https://t.co/UJHKPGuw4r",2018-05-07 11:00:00
9.93E+17,"RT @hashcard: 20% BONUS is available for Stage II. Minimum Contribution 50$

!!!!!!! Free card is included for contribution over $100.00 !!‚Ä¶",2018-05-07 10:58:00
9.93E+17,"RT @streamityorg: Be ready to watch the new free educational webinar 
""ICO and the difference from IPO"" Everyone is welcome
Follow the link‚Ä¶",2018-05-07 10:48:00
9.93E+17,"RT @coinpricenow: 1 Bitcoin ( #BTC )
Dollar: 9507.03$ 

1 Bitcoin Cash ( #BCH )
Dollar: 1,708.00$ 

1 Ethereum ( #ETH )
Dollar: 773.18$ 

1‚Ä¶",2018-05-07 10:47:00
9.93E+17,"RT @hashcard: 20% BONUS is available for Stage II. Minimum Contribution 50$

!!!!!!! Free card is included for contribution over $100.00 !!‚Ä¶",2018-05-07 10:21:00
9.93E+17,"RT @hashcard: 20% BONUS is available for Stage II. Minimum Contribution 50$

!!!!!!! Free card is included for contribution over $100.00 !!‚Ä¶",2018-05-07 10:15:00
9.93E+17,"RT @streamityorg: Be ready to watch the new free educational webinar 
""ICO and the difference from IPO"" Everyone is welcome
Follow the link‚Ä¶",2018-05-07 10:13:00
9.93E+17,"RT @ftec_found: Sales start: 24.04.2018 14:00 GMT

#ICO #BTC #ETH #Technology #Invest #Trading #Bot #Crypto #Cryptocurrency #Tradingbot #Fi‚Ä¶",2018-05-07 10:03:00
9.93E+17,"De prijs van een #Bitcoin is momenteel USD $9255.00

#YourDailyBitcoin #BTC #CryptoCurrency #Blockchain #Yamacoins‚Ä¶ https://t.co/CHfgIyM7p9",2018-05-07 10:02:00
9.93E+17,"#cryptocurrency Price Analysis for #Bitsend #BSD : ‚¨áÔ∏è
Last Hour Change : -0.94 % || 07-05-2018 12:00
Price in #USD‚Ä¶ https://t.co/i8mVbAOpUL",2018-05-07 10:00:00
9.93E+17,"RT @PEP_Network: üî•Only 3 days leftüî•
üîîWe want to announce that the Next AMA (Ask Me Anything) session will be organized at 10:30 UTC (which‚Ä¶",2018-05-07 09:57:00
9.93E+17,"RT @ftec_found: Sales start: 24.04.2018 14:00 GMT

#ICO #BTC #ETH #Technology #Invest #Trading #Bot #Crypto #Cryptocurrency #Tradingbot #Fi‚Ä¶",2018-05-07 09:53:00
9.93E+17,"20% BONUS is available for Stage II. Minimum Contribution 50$

!!!!!!! Free card is included for contribution over‚Ä¶ https://t.co/oZvuAmniUY",2018-05-07 09:51:00
9.93E+17,"RT @hashcard: 20% BONUS is available for Stage II. Minimum Contribution 50$

!!!!!!! Free card is included for contribution over $100.00 !!‚Ä¶",2018-05-07 09:48:00
9.93E+17,#Hashcard 20% BONUS is available for Stage II. Minimum Contribution 50$ !!!!!!! Free card is included for contribut‚Ä¶ https://t.co/Wvr8s0mFPi,2018-05-07 09:34:00
9.93E+17,"#Cryptos: 

#BTC 9332.07$ | 7802.49‚Ç¨
#XRP 0.82$ | 0.69‚Ç¨
#ETH 725.80$ | 606.84‚Ç¨
#LTC 162.44$ | 135.82‚Ç¨
#DASH 463.04$‚Ä¶ https://t.co/fTKrb2IdLZ",2018-05-07 09:33:00
9.93E+17,"EOS has soared to $18.24 today at around 16:00 (Beijing Time), seeing a booming rate of 6.7% within 40 minutes. It‚Ä¶ https://t.co/OxW0UujG3l",2018-05-07 09:22:00
9.93E+17,"1 Bitcoin ( #BTC )
Dollar: 9304.64$ 

1 Bitcoin Cash ( #BCH )
Dollar: 1,600.00$ 

1 Ethereum ( #ETH )
Dollar: 714.7‚Ä¶ https://t.co/XiFyexK3ra",2018-05-07 09:21:00
9.93E+17,"RT @hashcard: 20% BONUS is available for Stage II. Minimum Contribution 50$

!!!!!!! Free card is included for contribution over $100.00 !!‚Ä¶",2018-05-07 09:11:00
9.93E+17,RT @CryptoRomex: Current price of Bitcoin is $9365.00 #bitcoin #bitcoinprice #today #bitcointoday #cryptocurrency #crypto #1ddrive #trapadr‚Ä¶,2018-05-07 09:11:00
9.93E+17,RT @CryptoRomex: Current price of Bitcoin is $9365.00 #bitcoin #bitcoinprice #today #bitcointoday #cryptocurrency #crypto #1ddrive #trapadr‚Ä¶,2018-05-07 09:08:00
9.93E+17,Current price of Bitcoin is $9365.00 #bitcoin #bitcoinprice #today #bitcointoday #cryptocurrency #crypto #1ddrive #trapadrive #ifb #1first,2018-05-07 09:03:00
9.93E+17,"√öltimo: R$ 34.290,00 ‚ñ≤ 
Alta: R$ 35.340,00 ‚ñº 
Baixa: R$ 33.800,00 ‚ñº 
Volume: 139.89361437 BTC ‚ñº 
Taxa 30min: 30 sat‚Ä¶ https://t.co/KYPKIJBPba",2018-05-07 09:00:00
9.93E+17,"#cryptocurrency Price Analysis for #Bitsend #BSD : 
Last Hour Change : 0.85 % || 07-05-2018 11:00
Price in #USD : 0‚Ä¶ https://t.co/j30nkO3H9v",2018-05-07 09:00:00
9.93E+17,"ETH on #Coinbase is now 616.22 #eur

(was 623.00 eur 6h ago / -1.09%)

#cryptocurrency #ticker #ETH",2018-05-07 08:57:00
9.93E+17,"ETC on #Kraken is now 20.00 #eur

(was 19.96 eur 6h ago / 0.20%)

#cryptocurrency #ticker #ETC",2018-05-07 08:57:00
9.93E+17,"RT @hashcard: 20% BONUS is available for Stage II. Minimum Contribution 50$

!!!!!!! Free card is included for contribution over $100.00 !!‚Ä¶",2018-05-07 08:54:00
9.93E+17,"RT @hashcard: 20% BONUS is available for Stage II. Minimum Contribution 50$

!!!!!!! Free card is included for contribution over $100.00 !!‚Ä¶",2018-05-07 08:47:00
9.93E+17,"RT @XVGDolphin: The wallets are estimated to contain around $800,000.00 worth of cryptocurrency. #vergecurrency $XVG #bitcoin $BTC #btc #tp‚Ä¶",2018-05-07 08:46:00
9.93E+17,"RT @hashcard: 20% BONUS is available for Stage II. Minimum Contribution 50$

!!!!!!! Free card is included for contribution over $100.00 !!‚Ä¶",2018-05-07 08:27:00
9.93E+17,"RT @tihosay: üöÄ Pre-ICO will begin April 15th, 2018 at 10:00 UTC. 40% BONUS üöÄ

Register now: https://t.co/mlPm5M2fgm
Join our Telegram commu‚Ä¶",2018-05-07 08:15:00
9.93E+17,"–ò–Ω–∞—É–≥—É—Ä–∞—Ü–∏—è –í–ª–∞–¥–∏–º–∏—Ä–∞ –ü—É—Ç–∏–Ω–∞ 2018. –ü—Ä—è–º–æ–π —ç—Ñ–∏—Ä

–í –ø–æ–Ω–µ–¥–µ–ª—å–Ω–∏–∫, 7 –º–∞—è, –≤ 12:00 —Å–æ—Å—Ç–æ–∏—Ç—Å—è —Ç–æ—Ä–∂–µ—Å—Ç–≤–µ–Ω–Ω–∞—è —Ü–µ—Ä–µ–º–æ–Ω–∏—è –≤—Å—Ç‚Ä¶ https://t.co/py8mU8H67Q",2018-05-07 08:10:00
9.93E+17,"Aujourd‚Äôhui, le cours du Bitcoin est de 9300.00 $ #bitcoin #cryptocurrency #blockchain",2018-05-07 08:04:00
9.93E+17,"RT @hashcard: 20% BONUS is available for Stage II. Minimum Contribution 50$

!!!!!!! Free card is included for contribution over $100.00 !!‚Ä¶",2018-05-07 08:02:00
9.93E+17,"RT @Sumokoin_tweet: Hey $sumo community! Only a few hours left! Support us to get listed on @IndodaxOfficial and give us your votes! 

The‚Ä¶",2018-05-07 08:01:00
9.93E+17,"#cryptocurrency Price Analysis for #Bitsend #BSD : ‚¨áÔ∏è
Last Hour Change : -0.33 % || 07-05-2018 10:00
Price in #USD‚Ä¶ https://t.co/exK7Zt5llc",2018-05-07 08:00:00
9.93E+17,"RT @hashcard: 20% BONUS is available for Stage II. Minimum Contribution 50$

!!!!!!! Free card is included for contribution over $100.00 !!‚Ä¶",2018-05-07 07:58:00
9.93E+17,"RT @hashcard: 20% BONUS is available for Stage II. Minimum Contribution 50$

!!!!!!! Free card is included for contribution over $100.00 !!‚Ä¶",2018-05-07 07:57:00
9.93E+17,"RT @digitelcoin: 1000 DGTC TOKEN AIRDROP

Name : DGTC
Total supply : 3,00,000,000
Listing price : $0.1

FOLLOW
RETWEET
COMMENT ETH ADDRESS‚Ä¶",2018-05-07 07:55:00
9.93E+17,"RT @DriveroOfficial: #cryptocurrency #Drivero #carsharing #PreICO

Prizzes again! WIN 1 hour FREE ride with BMW M5.

PRE-ICO 2018.02.19 18:‚Ä¶",2018-05-07 07:51:00
9.93E+17,"The wallets are estimated to contain around $800,000.00 worth of cryptocurrency. #vergecurrency $XVG #bitcoin $BTC‚Ä¶ https://t.co/KW39hKGBff",2018-05-07 07:49:00
9.93E+17,"RT @streamityorg: Be ready to watch the new free educational webinar 
""ICO and the difference from IPO"" Everyone is welcome
Follow the link‚Ä¶",2018-05-07 07:41:00
9.93E+17,"$BTC : -0.33%üìâ 9349$
Top (last h):
$CESC : +42.00%üìà 47st
$APH : +30.23%üìà 5532st
$UCASH : +22.03%üìà 176st
$BBR : +16.‚Ä¶ https://t.co/3gPX0H7UYG",2018-05-07 07:30:00
9.93E+17,"RT @coinlauncher: 5 ICOs start today!
Swachhcoin - 9.62 - @SwachhCoin
Emrify Health Passport - 9.57 - @emrify
Neuroseed - 8.56 - @neuroseed‚Ä¶",2018-05-07 07:26:00
9.93E+17,"RT @weygand_gmt: #EOS:  Bullish impulse pattern with a short-term symmetrical triangle. Breakout imminent.

IF &gt; 18,80 USD = Buy signal wit‚Ä¶",2018-05-07 07:20:00
9.93E+17,"#cryptocurrency Price Analysis for #Bitsend #BSD : 
Last Hour Change : 0.1 % || 07-05-2018 09:00
Price in #USD : 0.‚Ä¶ https://t.co/PRQ7BUVdXh",2018-05-07 07:00:00
9.93E+17,"RT @streamityorg: Check our webinars on trading and cryptocurrency! 
here:üëâ https://t.co/G0c5tz6fTt
Today the main topic is - ""Risk and mon‚Ä¶",2018-05-07 06:41:00
9.93E+17,"RT @streamityorg: Be ready to watch the new free educational webinar 
""ICO and the difference from IPO"" Everyone is welcome
Follow the link‚Ä¶",2018-05-07 06:37:00
9.93E+17,"Sniper Trade BUY Alert #STORJ #BTC 

Symbol Pair : STORJBTC

Binance 1 Hour Chart - 5/7/2018 6:00:00 AM UTC
Price :‚Ä¶ https://t.co/JPYwa1aoo9",2018-05-07 06:10:00
9.93E+17,"RT @hashcard: 20% BONUS is available for Stage II. Minimum Contribution 50$

!!!!!!! Free card is included for contribution over $100.00 !!‚Ä¶",2018-05-07 06:06:00
9.93E+17,"Have you used ChinaRen, the China version of Facebook? Thanks to the founder, Yang Ning, also a famous angel invest‚Ä¶ https://t.co/LCBB887bYT",2018-05-07 06:05:00
9.93E+17,"√öltimo: R$ 34.000,01 ‚ñ≤ 
Alta: R$ 35.666,28 ‚ñº 
Baixa: R$ 33.800,00 ‚ñº 
Volume: 151.74454165 BTC ‚ñ≤ 
Taxa 30min: 20 sat‚Ä¶ https://t.co/gZ0UmSoiPj",2018-05-07 06:00:00
9.93E+17,"#cryptocurrency Price Analysis for #Bitsend #BSD : 
Last Hour Change : 0.0 % || 07-05-2018 08:00
Price in #USD : 0.‚Ä¶ https://t.co/CXIAT4uiZH",2018-05-07 06:00:00
9.93E+17,"RT @hashcard: 20% BONUS is available for Stage II. Minimum Contribution 50$

!!!!!!! Free card is included for contribution over $100.00 !!‚Ä¶",2018-05-07 05:52:00
9.93E+17,"RT @GameGenefund: The early bird will start at 16 April 21:00 GMT +8, Shen Bo is one of our investor.

#cryptokittites #Crypto #cryptogames‚Ä¶",2018-05-07 05:47:00
9.93E+17,"RT @GameGenefund: The early bird will start at 16 April 21:00 GMT +8, Shen Bo is one of our investor.

#cryptokittites #Crypto #cryptogames‚Ä¶",2018-05-07 05:46:00
9.93E+17,"RT @hashcard: 20% BONUS is available for Stage II. Minimum Contribution 50$

!!!!!!! Free card is included for contribution over $100.00 !!‚Ä¶",2018-05-07 05:31:00
9.93E+17,"Sniper Trade BUY Alert #KNC #BTC 

Symbol Pair : KNCBTC

Binance 1 Hour Chart - 5/7/2018 5:00:00 AM UTC
Price : 0.0‚Ä¶ https://t.co/LM5XT1P3SF",2018-05-07 05:30:00
9.93E+17,"Sniper Trade BUY Alert #WAVES #BTC 

Symbol Pair : WAVESBTC

Binance 1 Hour Chart - 5/7/2018 5:00:00 AM UTC
Price :‚Ä¶ https://t.co/X0Tu6kZ1Eo",2018-05-07 05:21:00
9.93E+17,"Sniper Trade BUY Alert #XRP #BTC 

Symbol Pair : XRPBTC

Binance 1 Hour Chart - 5/7/2018 5:00:00 AM UTC
Price : 0.0‚Ä¶ https://t.co/KGGeEpxqgS",2018-05-07 05:11:00
9.93E+17,"RT @hashcard: 20% BONUS is available for Stage II. Minimum Contribution 50$

!!!!!!! Free card is included for contribution over $100.00 !!‚Ä¶",2018-05-07 05:11:00
9.93E+17,"RT @GameGenefund: The 2nd batch of Airdrop will end at tomorrow, 15 April 20:00 GMT+8, if you want to earn more NGT, action fast! :)

#cryp‚Ä¶",2018-05-07 05:06:00
9.93E+17,"Sniper Trade BUY Alert #STORJ #BTC 

Symbol Pair : STORJBTC

Binance 1 Hour Chart - 5/7/2018 5:00:00 AM UTC
Price :‚Ä¶ https://t.co/eosFFggxZv",2018-05-07 05:00:00
9.93E+17,"#cryptocurrency Price Analysis for #Bitsend #BSD : 
Last Hour Change : 0.11 % || 07-05-2018 07:00
Price in #USD : 0‚Ä¶ https://t.co/T222siPIAA",2018-05-07 05:00:00
9.93E+17,"RT @hashcard: 20% BONUS is available for Stage II. Minimum Contribution 50$

!!!!!!! Free card is included for contribution over $100.00 !!‚Ä¶",2018-05-07 04:45:00
9.93E+17,"RT @hashcard: 20% BONUS is available for Stage II. Minimum Contribution 50$

!!!!!!! Free card is included for contribution over $100.00 !!‚Ä¶",2018-05-07 04:33:00
9.93E+17,"RT @hashcard: 20% BONUS is available for Stage II. Minimum Contribution 50$

!!!!!!! Free card is included for contribution over $100.00 !!‚Ä¶",2018-05-07 04:22:00
9.93E+17,"Sniper Trade BUY Alert #XRP #BTC 

Symbol Pair : XRPBTC

Binance 1 Hour Chart - 5/7/2018 4:00:00 AM UTC
Price : 0.0‚Ä¶ https://t.co/3uHJjHGDrY",2018-05-07 04:10:00
9.93E+17,"Sniper Trade BUY Alert #WAVES #BTC 

Symbol Pair : WAVESBTC

Binance 1 Hour Chart - 5/7/2018 4:00:00 AM UTC
Price :‚Ä¶ https://t.co/TRbsINP0tw",2018-05-07 04:01:00
9.93E+17,"Sniper Trade BUY Alert #TNB #BTC 

Symbol Pair : TNBBTC

Binance 1 Hour Chart - 5/7/2018 4:00:00 AM UTC
Price : 0.0‚Ä¶ https://t.co/RJVjCkqjfY",2018-05-07 04:00:00
9.93E+17,"Sniper Trade BUY Alert #STORJ #BTC 

Symbol Pair : STORJBTC

Binance 1 Hour Chart - 5/7/2018 4:00:00 AM UTC
Price :‚Ä¶ https://t.co/Dc8UHiQ2lO",2018-05-07 04:00:00
9.93E+17,"Sniper Trade BUY Alert #POA #BTC 

Symbol Pair : POABTC

Binance 1 Hour Chart - 5/7/2018 4:00:00 AM UTC
Price : 0.0‚Ä¶ https://t.co/D0JIsMM2Sh",2018-05-07 04:00:00
9.93E+17,"Sniper Trade BUY Alert #MDA #BTC 

Symbol Pair : MDABTC

Binance 1 Hour Chart - 5/7/2018 4:00:00 AM UTC
Price : 0.0‚Ä¶ https://t.co/vK4Y3wY0eK",2018-05-07 04:00:00
9.93E+17,"Sniper Trade BUY Alert #KNC #BTC 

Symbol Pair : KNCBTC

Binance 1 Hour Chart - 5/7/2018 4:00:00 AM UTC
Price : 0.0‚Ä¶ https://t.co/hv86TDWV1D",2018-05-07 04:00:00
9.93E+17,"#cryptocurrency Price Analysis for #Bitsend #BSD : ‚¨áÔ∏è
Last Hour Change : -0.37 % || 07-05-2018 06:00
Price in #USD‚Ä¶ https://t.co/LFGmeR0IOa",2018-05-07 04:00:00
9.93E+17,"RT @digitelcoin: 1000 DGTC TOKEN AIRDROP

Name : DGTC
Total supply : 3,00,000,000
Listing price : $0.1

FOLLOW
RETWEET
COMMENT ETH ADDRESS‚Ä¶",2018-05-07 03:53:00
9.93E+17,"RT @coinpricenow: 1 Bitcoin ( #BTC )
Dollar: 9228.97$ 

1 Bitcoin Cash ( #BCH )
Dollar: 1,618.76$ 

1 Ethereum ( #ETH )
Dollar: 744.00$ 

1‚Ä¶",2018-05-07 03:34:00
9.93E+17,"RT @hashcard: 20% BONUS is available for Stage II. Minimum Contribution 50$

!!!!!!! Free card is included for contribution over $100.00 !!‚Ä¶",2018-05-07 03:27:00
9.93E+17,"RT @coinpricenow: 1 Bitcoin ( #BTC )
Dollar: 9228.97$ 

1 Bitcoin Cash ( #BCH )
Dollar: 1,618.76$ 

1 Ethereum ( #ETH )
Dollar: 744.00$ 

1‚Ä¶",2018-05-07 03:23:00
9.93E+17,"1 Bitcoin ( #BTC )
Dollar: 9228.97$ 

1 Bitcoin Cash ( #BCH )
Dollar: 1,618.76$ 

1 Ethereum ( #ETH )
Dollar: 744.0‚Ä¶ https://t.co/C8bBGxJJxq",2018-05-07 03:21:00
9.94E+17,"RT @CryptoPriceCall: $BTC : +0.37%üìà 9245$
Top (last h):
$VME : +38.11%üìà 1279st
$UQC : +20.59%üìà 18800st
$CHX : +10.00%üìà 1314st
$LEV : +9.44%‚Ä¶",2018-05-08 22:31:00
9.94E+17,"$BTC : +0.37%üìà 9245$
Top (last h):
$VME : +38.11%üìà 1279st
$UQC : +20.59%üìà 18800st
$CHX : +10.00%üìà 1314st
$LEV : +9.‚Ä¶ https://t.co/9eLGqtSAEj",2018-05-08 22:30:00
9.94E+17,"RT @CryptoPriceCall: $BTC : +0.21%üìà 9244$
Top (last h):
$VME : +27.04%üìà 1334st
$UQC : +20.12%üìà 18800st
$HTML : +15.46%üìà 5st
$LEV : +11.47%üìà‚Ä¶",2018-05-08 22:02:00
9.94E+17,"$BTC : +0.21%üìà 9244$
Top (last h):
$VME : +27.04%üìà 1334st
$UQC : +20.12%üìà 18800st
$HTML : +15.46%üìà 5st
$LEV : +11.4‚Ä¶ https://t.co/SaIkbJWKgv",2018-05-08 22:00:00
9.94E+17,"RT @tihosay: üöÄ Starts in 4 days.. Pre-ICO will begin April 15th, 2018 at 10:00 UTC. 40% BONUS üöÄ

Register now: https://t.co/gS31OE4gss

#ti‚Ä¶",2018-05-08 15:34:00
9.94E+17,"#cryptocurrency #CryptoMeInfo

BTC: 9164,99$ (-1,67%)
ETH: 734,30$ (1,35%)
XRP: 0,808070$ (-1,76%)
BCH: 1582,00$ (-‚Ä¶ https://t.co/Y8fYovqOKc",2018-05-08 14:03:00
9.94E+17,RT @litenettcom: With an audience of 10 million per month (120 million per year) at a rate of ‚Ç¨ 3.0 per user - the profit will be ‚Ç¨ 360 000‚Ä¶,2018-05-08 13:24:00
9.94E+17,"RT @tihosay: üöÄ Pre-ICO will begin April 15th, 2018 at 10:00 UTC. 40% BONUS üöÄ

Register now: https://t.co/mlPm5M2fgm
Join our Telegram commu‚Ä¶",2018-05-08 13:19:00
9.94E+17,"RT @tihosay: üöÄ Starts in 4 days.. Pre-ICO will begin April 15th, 2018 at 10:00 UTC. 40% BONUS üöÄ

Register now: https://t.co/gS31OE4gss

#ti‚Ä¶",2018-05-08 13:19:00
9.94E+17,"RT @CryptoPriceCall: $BTC : -0.83%üìâ 9245$
Top (last h):
$PIZZA : +121.00%üìà 7st
$BANCA : +21.51%üìà 30st
$EOSDAC : +15.16%üìà 1826st
$HTML : +10‚Ä¶",2018-05-08 12:16:00
9.94E+17,"$BTC : -0.83%üìâ 9245$
Top (last h):
$PIZZA : +121.00%üìà 7st
$BANCA : +21.51%üìà 30st
$EOSDAC : +15.16%üìà 1826st
$HTML :‚Ä¶ https://t.co/ZPM8k3DPOb",2018-05-08 12:00:00
9.94E+17,"RT @Thr_Official: #THR Journey 
$13.76 May 7 Day end 
May 8 - Grand Day 
Pic 1 $48 10.00 AM
Pic 2 $143.88 2 PM
Pic 3 $215 6 PM
#Listing #Pr‚Ä¶",2018-05-09 23:53:00
9.94E+17,"#cryptocurrency Price Analysis for #Bitsend #BSD : 
Last Hour Change : 0.67 % || 10-05-2018 01:00
Price in #USD : 0‚Ä¶ https://t.co/ZO1IUnBD3u",2018-05-09 23:00:00
9.94E+17,"RT @BSD_Masternode: #cryptocurrency Price Analysis for #Bitsend #BSD : ‚¨áÔ∏è
Last Hour Change : -0.0 % || 10-05-2018 00:30
Price in #USD : 0.7‚Ä¶",2018-05-09 22:57:00
9.94E+17,"10.000.00 evo token airdrop
2000 participants

 RULES
1. join the telegram  https://t.co/ETa4WpQtV4 
2 . follow
3.‚Ä¶ https://t.co/A0SCwkDWdj",2018-05-09 22:53:00
9.94E+17,"RT @Guno_Lamberdi: 10.000.00 evo token airdrop
2000 participants

 RULES
1. join the telegram  https://t.co/kqH0vKD73F 
2 . follow
3. retwe‚Ä¶",2018-05-09 22:50:00
9.94E+17,"#cryptocurrency Price Analysis for #Bitsend #BSD : ‚¨áÔ∏è
Last Hour Change : -0.0 % || 10-05-2018 00:30
Price in #USD :‚Ä¶ https://t.co/mVjwFNbvqS",2018-05-09 22:30:00
9.94E+17,"Sniper Trade BUY Alert $ICN $BTC 

Symbol Pair : ICNBTC

Binance 1 Hour Chart - 5/9/2018 10:00:00 PM UTC
Price : 0.‚Ä¶ https://t.co/yMTXkkIoYU",2018-05-09 22:00:00
9.94E+17,"#cryptocurrency Price Analysis for #Bitsend #BSD : ‚¨áÔ∏è
Last Hour Change : -0.98 % || 10-05-2018 00:00
Price in #USD‚Ä¶ https://t.co/fIGvuwGh9k",2018-05-09 22:00:00
9.94E+17,"10.000.00 evo token airdrop
2000 participants

 RULES
1. join the telegram  https://t.co/kqH0vKD73F 
2 . follow
3.‚Ä¶ https://t.co/CrlhDC3bZY",2018-05-09 20:30:00
9.94E+17,"RT @Thr_Official: #THR Journey 
$13.76 May 7 Day end 
May 8 - Grand Day 
Pic 1 $48 10.00 AM
Pic 2 $143.88 2 PM
Pic 3 $215 6 PM
#Listing #Pr‚Ä¶",2018-05-09 19:40:00
9.94E+17,"RT @Thr_Official: #THR Journey 
$13.76 May 7 Day end 
May 8 - Grand Day 
Pic 1 $48 10.00 AM
Pic 2 $143.88 2 PM
Pic 3 $215 6 PM
#Listing #Pr‚Ä¶",2018-05-09 19:10:00
9.94E+17,"RT @Thr_Official: #THR Journey 
$13.76 May 7 Day end 
May 8 - Grand Day 
Pic 1 $48 10.00 AM
Pic 2 $143.88 2 PM
Pic 3 $215 6 PM
#Listing #Pr‚Ä¶",2018-05-09 18:54:00
9.94E+17,"RT @Thr_Official: #THR Journey 
$13.76 May 7 Day end 
May 8 - Grand Day 
Pic 1 $48 10.00 AM
Pic 2 $143.88 2 PM
Pic 3 $215 6 PM
#Listing #Pr‚Ä¶",2018-05-09 18:49:00
9.94E+17,"#THR Journey 
$13.76 May 7 Day end 
May 8 - Grand Day 
Pic 1 $48 10.00 AM
Pic 2 $143.88 2 PM
Pic 3 $215 6 PM‚Ä¶ https://t.co/uL35hGFVT2",2018-05-09 18:20:00
9.94E+17,#Cryptocurrency ‚Äã‚ÄãWeightings: @Bitcoin ‚Äã‚Äã‚Äã30.00% @Ethereum‚Äã‚Äã‚Äã 30.00% @Ripple          14.14% @BitcoinCash 10.65%‚Ä¶ https://t.co/jJAKpP661O,2018-05-09 13:48:00
9.94E+17,"RT @FairGameOnline: Dear players, new Fair City Tarpaulin  (FAIR) will open at Singapore time 16:00 PM, May 10, 2018
Fair City: https://t.c‚Ä¶",2018-05-09 13:07:00
9.94E+17,"RT @FairGameOnline: Dear players, new Fair City Tarpaulin  (FAIR) will open at Singapore time 16:00 PM, May 10, 2018
Fair City: https://t.c‚Ä¶",2018-05-09 12:46:00
9.94E+17,"Dear players, new Fair City Tarpaulin  (FAIR) will open at Singapore time 16:00 PM, May 10, 2018
Fair City:‚Ä¶ https://t.co/qS6koDxoLT",2018-05-09 12:06:00
9.94E+17,"#crypto price changes last 4 hours

üöÄ
$BLITZ +15.62%
$ADX +12.46%
$REP +10.22%

üåßÔ∏è
$DMD -4.50%
$EBST -4.00%
$ZCL -3‚Ä¶ https://t.co/Jkg6frrYKa",2018-05-09 08:46:00
9.94E+17,"#cryptocurrency Price Analysis for #Bitsend #BSD : ‚¨áÔ∏è
Last Hour Change : -0.8 % || 09-05-2018 10:00
Price in #USD :‚Ä¶ https://t.co/fuyLfyWK7F",2018-05-09 08:00:00
9.94E+17,"RT @tihosay: üöÄ Pre-ICO will begin April 15th, 2018 at 10:00 UTC. 40% BONUS üöÄ

Register now: https://t.co/mlPm5M2fgm
Join our Telegram commu‚Ä¶",2018-05-09 07:45:00
9.94E+17,"RT @tihosay: üöÄ Pre-ICO will begin April 15th, 2018 at 10:00 UTC. 40% BONUS üöÄ

Register now: https://t.co/mlPm5M2fgm
Join our Telegram commu‚Ä¶",2018-05-09 05:43:00
